RiskPerformance,ExternalRiskEstimate,MSinceOldestTradeOpen,MSinceMostRecentTradeOpen,AverageMInFile,NumSatisfactoryTrades,NumTrades60Ever2DerogPubRec,NumTrades90Ever2DerogPubRec,PercentTradesNeverDelq,MSinceMostRecentDelq,MaxDelq2PublicRecLast12M,MaxDelqEver,NumTotalTrades,NumTradesOpeninLast12M,PercentInstallTrades,MSinceMostRecentInqexcl7days,NumInqLast6M,NumInqLast6Mexcl7days,NetFractionRevolvingBurden,NetFractionInstallBurden,NumRevolvingTradesWBalance,NumInstallTradesWBalance,NumBank2NatlTradesWHighUtilization,PercentTradesWBalance,DelqEver,DelqLast12M,PercentSatisfactoryTrades,TradeFreq,NumTotalDelqTrades
Bad,73,147,4,66,20,0,0,100,122,7,7,20,2,50,36,0,0,74,76,5,4,1,100,FALSE,FALSE,100,135,0
Good,88,206,2,79,25,0,0,100,122,7,7,27,3,56,0,3,3,0,74,0,3,1,43,FALSE,FALSE,93,130,0
Bad,77,166,2,86,19,0,0,100,122,7,7,20,3,20,2,2,2,44,,5,2,0,70,FALSE,FALSE,95,120,0
Bad,65,121,9,48,20,1,1,95,14,2,6,21,1,25,0,0,0,49,42,6,3,0,75,TRUE,TRUE,95,172,2
Good,77,178,5,80,18,0,0,100,122,7,7,18,3,39,4,2,2,24,,4,1,0,71,FALSE,FALSE,100,101,0
Good,68,175,4,48,27,0,0,100,122,7,7,29,4,28,0,1,1,54,44,7,3,1,83,FALSE,FALSE,93,165,0
Bad,73,85,6,38,10,0,0,100,122,7,7,10,2,50,0,1,1,81,,1,1,0,50,FALSE,FALSE,100,116,0
Good,81,198,3,92,20,0,0,100,122,7,7,20,1,30,0,2,2,34,76,2,4,0,60,FALSE,FALSE,100,101,0
Bad,55,189,19,81,35,2,1,78,1,2,2,42,0,44,0,3,3,67,36,5,2,1,64,TRUE,TRUE,83,221,10
Bad,69,99,6,33,23,0,0,100,122,7,7,32,3,21,0,7,7,33,95,3,3,1,43,FALSE,FALSE,72,320,0
Good,77,158,23,104,20,0,0,100,122,7,7,22,0,32,0,1,1,72,,1,1,1,50,FALSE,FALSE,91,138,0
Bad,56,180,8,74,29,2,2,87,2,3,3,32,4,30,36,1,1,30,80,5,4,1,69,TRUE,TRUE,91,177,5
Good,83,281,2,59,13,0,0,100,122,7,7,14,6,43,1,2,2,2,80,1,4,0,56,FALSE,FALSE,93,50,0
Bad,59,134,17,83,8,2,0,42,1,6,5,12,0,67,0,3,3,77,,1,1,1,100,TRUE,TRUE,67,89,7
Bad,76,177,3,53,28,0,0,100,122,7,7,29,4,64,36,2,2,1,81,3,11,0,82,FALSE,FALSE,97,163,0
Bad,75,316,14,56,14,0,0,100,122,7,7,31,0,21,36,0,0,41,,2,1,2,43,FALSE,FALSE,45,98,0
Good,83,364,3,106,22,1,1,91,27,7,3,28,2,13,0,4,4,17,,4,1,0,63,TRUE,FALSE,79,77,3
Good,69,187,2,98,29,0,0,97,25,7,6,30,3,37,2,2,2,33,74,7,4,2,73,TRUE,FALSE,97,160,1
Bad,65,91,1,38,17,1,1,89,21,7,6,18,5,56,0,6,6,26,37,3,4,0,78,TRUE,FALSE,94,196,2
Good,83,181,5,53,25,0,0,100,122,7,7,26,2,4,36,1,1,18,,5,1,0,55,FALSE,FALSE,96,143,0
Bad,73,372,3,86,23,0,0,83,16,7,6,23,2,35,0,5,5,9,75,2,6,0,53,TRUE,FALSE,100,62,4
Good,86,307,24,131,14,0,0,100,122,7,7,15,0,0,0,0,0,10,,2,2,0,29,FALSE,FALSE,93,49,0
Bad,83,198,3,100,23,1,0,92,41,7,5,25,1,68,1,2,2,4,53,2,4,0,75,TRUE,FALSE,92,126,2
Good,70,196,4,64,34,0,0,100,122,7,7,35,1,37,0,0,0,83,,6,1,3,100,FALSE,FALSE,97,178,0
Bad,68,209,5,110,43,1,0,88,13,7,5,48,2,54,36,1,1,51,90,10,3,2,76,TRUE,FALSE,90,229,6
Bad,72,221,1,62,20,1,0,95,57,7,5,22,2,14,0,2,2,16,,4,1,0,43,TRUE,FALSE,91,99,2
Bad,56,247,6,76,16,4,0,67,4,5,5,21,2,62,0,2,2,64,82,6,10,2,100,TRUE,TRUE,76,85,7
Good,89,421,7,136,19,0,0,100,122,7,7,28,1,16,1,0,0,4,,3,2,0,30,FALSE,FALSE,68,66,0
Good,85,232,2,105,26,0,0,100,122,7,7,41,2,39,0,2,2,5,,3,3,1,46,FALSE,FALSE,63,176,0
Bad,68,378,8,140,10,3,1,77,15,7,4,13,1,54,36,0,0,0,70,0,3,1,60,TRUE,FALSE,77,34,3
Good,71,142,1,60,37,0,0,100,122,7,7,40,7,50,3,3,3,64,78,4,6,2,71,FALSE,FALSE,92,280,0
Good,86,442,2,106,20,0,0,100,122,7,7,21,1,33,0,0,0,5,47,2,1,1,43,FALSE,FALSE,95,47,0
Good,85,387,79,223,9,0,0,100,122,7,7,11,0,0,0,0,0,34,,3,2,0,60,FALSE,FALSE,82,28,0
Bad,75,293,9,143,9,0,0,89,11,6,6,9,2,22,0,0,0,59,78,3,1,1,57,TRUE,TRUE,100,31,1
Bad,59,128,19,64,3,2,0,20,3,5,5,5,0,80,0,0,0,0,90,0,2,1,67,TRUE,TRUE,60,39,4
Good,67,94,14,43,5,1,0,86,29,7,5,7,0,14,0,0,0,54,,4,2,2,80,TRUE,FALSE,71,74,1
Good,60,160,3,48,16,0,0,81,5,6,6,16,4,31,4,2,2,65,74,2,3,1,63,TRUE,TRUE,100,99,4
Good,68,375,8,65,25,0,0,100,122,7,7,35,2,48,1,1,1,71,63,3,4,2,78,FALSE,FALSE,71,93,0
Bad,68,216,4,91,23,1,1,88,52,7,2,26,6,54,36,2,2,42,90,6,2,1,80,TRUE,FALSE,88,120,4
Bad,68,178,3,85,21,0,0,100,122,7,7,22,3,43,2,7,7,66,3,3,3,1,100,FALSE,FALSE,95,123,0
Bad,77,291,3,116,14,0,0,100,122,7,7,14,1,36,0,6,6,45,69,6,3,2,75,FALSE,FALSE,100,48,0
Good,91,232,80,141,14,0,0,100,122,7,7,22,0,0,9,0,0,2,,2,2,0,33,FALSE,FALSE,64,94,0
Good,85,156,4,66,27,0,0,100,122,7,7,28,2,39,13,0,0,2,88,4,3,1,80,FALSE,FALSE,96,178,0
Bad,61,176,8,65,24,0,0,80,32,7,6,25,3,44,0,1,0,54,72,5,3,2,89,TRUE,FALSE,96,141,5
Good,75,201,2,65,31,0,0,97,44,7,6,46,6,30,12,0,0,30,76,4,3,1,36,TRUE,FALSE,67,228,2
Good,69,400,10,112,11,2,2,85,42,7,2,13,2,54,36,0,0,46,82,2,3,2,83,TRUE,FALSE,85,32,2
Good,74,165,3,68,28,0,0,97,17,7,6,30,4,33,0,1,1,58,86,4,4,1,67,TRUE,FALSE,93,181,1
Bad,64,242,18,124,16,2,0,47,2,6,5,19,0,74,0,4,4,27,,2,3,0,100,TRUE,TRUE,84,78,11
Good,82,374,4,100,26,0,0,100,122,7,7,27,3,22,3,2,2,28,94,3,4,2,50,FALSE,FALSE,96,72,0
Bad,52,132,13,62,21,1,1,86,5,6,2,22,0,32,0,1,1,41,90,10,2,1,80,TRUE,TRUE,95,165,4
Bad,57,118,16,54,2,7,7,20,10,6,2,10,0,40,0,4,4,40,33,1,3,0,83,TRUE,TRUE,20,84,8
Good,69,50,5,32,15,0,0,100,122,7,7,16,1,50,0,2,2,55,68,5,1,1,67,FALSE,FALSE,94,314,0
Good,75,426,5,109,23,0,0,96,55,7,6,23,1,17,11,0,0,32,,6,1,2,44,TRUE,FALSE,100,54,1
Good,91,364,1,118,12,0,0,100,122,7,7,13,1,8,0,1,1,0,,1,2,0,20,FALSE,FALSE,92,36,0
Bad,66,269,0,61,40,0,0,98,59,7,6,46,4,17,0,1,1,49,72,6,3,3,45,TRUE,FALSE,87,170,1
Good,83,213,1,98,14,0,0,93,17,7,6,15,1,27,1,2,2,0,68,0,2,0,50,TRUE,FALSE,93,70,2
Good,77,154,2,71,27,0,0,100,122,7,7,28,2,29,0,0,0,39,66,5,3,0,62,FALSE,FALSE,96,181,0
Good,91,303,4,101,11,0,0,100,122,7,7,12,1,36,1,0,0,1,97,2,2,0,57,FALSE,FALSE,92,39,0
Good,78,156,4,41,13,0,0,100,122,7,7,13,6,38,3,3,3,19,93,2,3,0,71,FALSE,FALSE,100,83,0
Good,72,141,6,73,22,0,0,100,122,7,7,22,2,18,4,1,1,59,,7,1,1,67,FALSE,FALSE,100,155,0
Bad,70,192,3,59,13,1,0,86,2,6,5,14,1,36,3,1,1,36,51,1,3,0,50,TRUE,TRUE,93,73,2
Bad,60,181,8,60,32,1,1,97,21,7,6,32,1,16,0,1,1,75,79,11,2,9,87,TRUE,FALSE,100,176,1
Bad,80,131,19,66,7,0,0,100,122,7,7,7,0,71,0,0,0,30,74,1,2,1,100,FALSE,FALSE,100,53,0
Bad,69,301,3,79,19,0,0,79,13,7,6,20,2,47,3,2,2,33,45,3,3,0,100,TRUE,FALSE,95,66,5
Bad,61,114,4,56,6,1,1,86,3,2,2,7,3,0,0,0,0,69,,4,2,1,100,TRUE,TRUE,86,61,1
Good,85,293,20,94,36,0,0,100,122,7,7,37,0,38,1,0,0,1,63,2,3,0,56,FALSE,FALSE,97,126,0
Bad,65,235,3,65,28,0,0,90,40,7,6,29,5,31,0,2,2,31,71,12,4,1,80,TRUE,FALSE,97,123,3
Bad,84,106,11,64,22,0,0,100,122,7,7,23,1,26,0,1,1,0,,0,2,0,0,FALSE,FALSE,96,215,0
Good,91,290,6,111,12,0,0,100,122,7,7,12,1,17,36,1,1,0,,1,2,0,13,FALSE,FALSE,100,41,0
Good,82,351,25,101,17,0,0,100,122,7,7,17,0,47,0,0,0,22,,4,2,0,86,FALSE,FALSE,100,48,0
Bad,58,216,12,86,23,0,0,88,3,6,6,53,0,29,1,1,1,84,,7,1,5,75,TRUE,TRUE,43,244,7
Bad,59,84,11,47,10,2,0,69,10,6,5,13,1,46,10,0,0,69,75,4,2,2,86,TRUE,TRUE,77,153,5
Good,82,178,4,73,18,0,0,95,62,7,6,20,3,40,36,4,4,4,44,3,2,0,63,TRUE,FALSE,90,112,1
Good,86,166,1,89,14,0,0,100,122,7,7,16,3,38,0,2,2,3,,4,2,0,75,FALSE,FALSE,88,96,0
Bad,75,169,2,51,10,0,0,100,122,7,7,13,3,77,0,2,2,19,78,1,4,0,100,FALSE,FALSE,77,76,0
Good,81,159,1,78,21,0,0,92,18,7,6,24,2,38,0,1,1,4,,2,2,0,50,TRUE,FALSE,88,150,2
Good,92,399,43,150,30,0,0,100,122,7,7,30,0,3,1,0,0,1,,4,1,0,33,FALSE,FALSE,100,75,0
Good,68,172,3,74,23,1,0,92,5,5,5,28,4,28,2,2,2,6,98,1,2,0,25,TRUE,TRUE,82,162,3
Good,85,133,2,68,43,0,0,100,122,7,7,47,6,34,0,0,0,2,86,2,3,0,31,FALSE,FALSE,91,351,0
Bad,63,170,11,75,14,1,1,87,8,4,4,15,1,13,0,2,2,56,,5,2,2,70,TRUE,TRUE,93,88,2
Good,80,324,18,110,27,0,0,100,122,7,7,52,0,26,14,0,0,38,73,4,2,2,86,FALSE,FALSE,52,160,0
Good,74,319,2,83,24,1,0,88,9,5,5,28,3,37,36,1,1,6,100,3,2,0,42,TRUE,TRUE,86,88,4
Bad,81,190,8,82,22,0,0,95,62,7,6,22,3,27,0,0,0,17,49,2,2,0,44,TRUE,FALSE,100,115,2
Bad,62,131,4,59,16,4,2,79,23,7,5,20,4,58,0,4,4,25,91,3,4,1,70,TRUE,FALSE,80,152,5
Bad,73,69,24,42,7,0,0,100,122,7,7,7,0,14,36,1,0,54,37,5,1,1,86,FALSE,FALSE,100,100,0
Good,78,169,17,71,34,0,0,100,122,7,7,34,0,35,0,0,0,34,48,2,4,1,55,FALSE,FALSE,100,200,0
Good,78,218,25,118,18,0,0,100,122,7,7,18,0,33,0,2,2,47,58,4,2,1,60,FALSE,FALSE,100,82,0
Bad,65,421,2,133,30,1,0,88,4,6,5,34,1,47,0,0,0,30,83,7,3,2,100,TRUE,TRUE,88,81,5
Good,80,161,17,82,9,0,0,100,122,7,7,10,0,70,6,0,0,30,,0,1,1,50,FALSE,FALSE,90,62,0
Good,81,147,11,90,9,1,0,90,42,7,5,10,1,10,1,2,2,0,,2,2,0,29,TRUE,FALSE,90,68,1
Bad,66,344,4,102,16,1,1,79,45,7,3,19,3,26,4,1,1,54,45,4,2,1,70,TRUE,FALSE,84,55,4
Bad,70,213,4,90,36,0,0,97,45,7,6,36,1,39,0,1,1,93,67,5,4,3,100,TRUE,FALSE,100,168,2
Bad,66,284,32,107,15,2,2,82,3,6,4,17,0,53,0,1,1,19,50,3,2,1,63,TRUE,TRUE,88,60,4
Bad,56,64,18,48,2,1,1,75,8,2,6,5,0,100,0,0,0,30,,3,1,1,100,TRUE,TRUE,40,77,2
Bad,75,248,1,103,14,0,0,88,3,6,6,16,1,13,0,1,1,2,,3,1,1,57,TRUE,TRUE,88,64,2
Bad,71,325,14,125,14,1,0,81,2,5,5,16,0,69,36,0,0,3,54,2,4,0,86,TRUE,TRUE,88,49,4
Bad,80,263,21,116,25,0,0,100,122,7,7,25,0,64,21,0,0,48,,3,2,0,71,FALSE,FALSE,100,95,0
Bad,55,321,3,102,7,3,0,64,2,6,5,11,1,27,1,0,0,87,100,3,2,2,100,TRUE,TRUE,64,34,4
Good,76,143,6,75,14,0,0,100,122,7,7,14,1,36,0,1,1,67,92,1,2,1,50,FALSE,FALSE,100,97,0
Good,81,243,1,89,41,0,0,100,122,7,7,44,9,27,0,7,6,1,39,7,4,0,50,FALSE,FALSE,93,180,0
Bad,72,168,8,62,10,0,0,100,122,7,7,11,1,18,0,5,5,60,82,7,1,0,100,FALSE,FALSE,91,65,0
Good,67,332,9,122,28,1,0,88,23,7,5,33,2,55,0,0,0,60,77,4,5,2,77,TRUE,FALSE,85,99,4
Good,88,414,18,117,28,0,0,100,122,7,7,28,0,18,0,0,0,1,92,1,2,0,60,FALSE,FALSE,100,67,0
Good,82,73,12,57,8,0,0,100,122,7,7,8,0,25,0,1,1,4,,2,1,1,60,FALSE,FALSE,100,108,0
Bad,62,174,2,84,35,0,0,89,38,7,6,38,3,32,0,1,1,68,,9,2,3,85,TRUE,FALSE,92,217,5
Bad,62,145,2,54,29,6,1,76,16,7,2,38,6,73,36,0,0,91,85,4,7,0,100,TRUE,FALSE,76,260,10
Good,90,396,7,121,23,0,0,100,122,7,7,23,1,22,7,0,0,1,,1,1,0,20,FALSE,FALSE,100,58,0
Good,87,140,16,79,16,0,0,100,122,7,7,17,0,18,0,0,0,3,,1,1,0,22,FALSE,FALSE,94,121,0
Bad,75,247,1,80,28,0,0,87,17,7,6,46,2,23,36,2,2,8,97,4,2,1,40,TRUE,FALSE,61,185,6
Bad,86,74,46,60,2,0,0,100,122,7,7,2,0,50,0,0,0,30,,0,2,1,0,FALSE,FALSE,100,27,0
Bad,77,120,5,53,25,0,0,100,122,7,7,26,4,23,0,1,1,19,79,6,2,0,67,FALSE,FALSE,96,215,0
Good,86,257,14,126,25,0,0,100,122,7,7,25,0,8,0,0,0,18,,5,1,0,40,FALSE,FALSE,100,97,0
Good,86,287,15,117,23,0,0,100,122,7,7,23,0,30,11,0,0,3,54,3,3,0,60,FALSE,FALSE,100,80,0
Good,80,378,21,163,20,0,0,100,122,7,7,21,0,29,17,0,0,45,63,8,2,1,83,FALSE,FALSE,95,55,0
Good,72,271,3,58,39,1,0,98,8,6,5,43,2,40,0,6,6,12,92,4,3,0,64,TRUE,TRUE,91,158,1
Good,84,93,4,37,7,0,0,100,122,7,7,7,4,29,36,3,3,16,,2,1,0,75,FALSE,FALSE,100,74,0
Bad,59,164,5,56,30,0,0,87,2,6,6,31,2,39,0,2,2,72,96,4,3,2,88,TRUE,TRUE,97,188,5
Bad,57,123,13,56,11,2,0,64,4,5,5,14,0,71,0,8,8,61,72,1,5,0,86,TRUE,TRUE,79,113,6
Bad,83,250,3,107,22,0,0,96,48,7,6,24,1,50,36,1,1,15,64,5,3,0,80,TRUE,FALSE,92,96,1
Bad,62,83,1,38,13,2,1,93,36,2,5,15,4,60,7,0,0,3,74,1,4,0,63,TRUE,TRUE,87,179,2
Good,66,265,4,78,50,1,0,88,11,5,5,51,5,12,2,4,4,24,56,7,2,3,39,TRUE,TRUE,98,192,7
Good,73,178,1,66,9,2,2,92,56,7,2,13,2,54,0,2,2,40,76,1,3,0,83,TRUE,FALSE,69,73,2
Good,67,103,1,39,23,1,0,96,1,5,5,26,5,32,4,2,2,7,64,3,3,0,43,TRUE,TRUE,88,250,2
Bad,68,207,6,69,20,1,1,90,8,6,2,21,2,33,0,0,0,75,85,5,3,2,80,TRUE,TRUE,95,101,3
Bad,65,102,3,39,38,1,1,92,6,6,4,39,9,46,0,13,13,20,86,4,14,1,72,TRUE,TRUE,97,379,4
Bad,72,169,30,73,6,0,0,86,62,7,6,7,0,57,0,0,0,78,81,1,2,1,75,TRUE,FALSE,86,41,1
Bad,71,179,4,68,32,1,1,97,50,7,3,33,5,21,1,5,5,43,45,12,4,3,76,TRUE,FALSE,97,183,1
Good,85,176,3,71,29,0,0,100,122,7,7,32,3,34,36,4,4,1,,2,1,0,50,FALSE,FALSE,91,181,0
Good,80,329,16,83,20,0,0,95,36,7,6,31,0,14,36,2,2,9,,3,1,1,40,TRUE,FALSE,65,94,2
Good,81,212,1,93,37,0,0,100,122,7,7,44,5,16,2,3,3,19,,4,2,1,35,FALSE,FALSE,84,207,0
Good,81,189,11,96,21,1,1,96,77,7,3,24,1,8,21,0,0,0,,0,1,0,33,TRUE,FALSE,88,126,1
Bad,61,388,8,80,11,0,0,82,21,7,6,11,2,36,0,1,1,71,,4,1,3,63,TRUE,FALSE,100,28,2
Bad,58,165,8,79,27,0,0,96,19,7,6,27,1,37,4,1,1,85,78,9,5,5,100,TRUE,FALSE,100,163,2
Bad,76,187,10,48,18,0,0,100,122,7,7,46,1,50,8,1,0,1,53,2,2,1,57,FALSE,FALSE,39,245,0
Bad,72,261,27,131,16,1,1,94,13,7,6,16,0,25,36,0,0,11,,1,1,0,29,TRUE,FALSE,100,61,1
Good,76,245,12,112,21,0,0,100,122,7,7,22,0,24,12,0,0,68,60,3,2,2,67,FALSE,FALSE,95,89,0
Bad,74,159,9,69,26,0,0,100,122,7,7,27,2,48,36,0,0,61,67,3,4,2,78,FALSE,FALSE,96,169,0
Good,79,251,25,99,23,0,0,91,11,6,6,24,0,17,20,0,0,6,8,3,2,0,31,TRUE,TRUE,96,95,3
Bad,68,178,5,73,31,0,0,97,25,7,6,31,2,35,0,4,4,26,82,5,3,1,67,TRUE,FALSE,100,173,1
Bad,77,187,8,44,14,0,0,93,56,7,6,28,2,21,1,1,1,5,,4,1,0,71,TRUE,FALSE,50,149,2
Bad,77,276,41,145,19,0,0,100,122,7,7,19,0,21,36,1,1,59,36,6,2,1,62,FALSE,FALSE,100,69,0
Good,79,290,2,132,31,0,0,100,122,7,7,33,1,27,0,1,1,42,,5,1,0,75,FALSE,FALSE,94,113,0
Good,89,245,184,215,2,0,0,100,122,7,7,37,0,0,22,0,0,3,,1,2,0,50,FALSE,FALSE,5,150,0
Bad,70,217,1,66,31,0,0,97,49,7,6,33,6,52,0,2,2,71,94,3,9,1,82,TRUE,FALSE,94,151,1
Bad,60,125,8,34,26,0,0,96,10,6,6,26,2,15,0,3,3,56,70,4,1,1,67,TRUE,TRUE,100,206,2
Good,78,175,17,88,39,0,0,100,122,7,7,40,0,70,5,1,1,33,74,3,2,1,83,FALSE,FALSE,98,227,0
Bad,73,217,22,87,34,0,0,100,122,7,7,36,0,17,0,1,1,91,,7,2,3,100,FALSE,FALSE,94,165,0
Good,73,409,7,94,38,0,0,100,122,7,7,39,2,18,0,1,1,27,69,11,2,2,72,FALSE,FALSE,97,95,0
Good,83,319,13,82,20,0,0,100,122,7,7,46,0,20,13,0,0,34,,4,1,0,42,FALSE,FALSE,43,144,0
Good,70,234,10,93,27,0,0,89,12,7,6,27,1,44,0,2,2,51,100,5,2,2,70,TRUE,FALSE,100,115,3
Bad,72,255,13,60,31,0,0,100,122,7,7,32,0,22,13,0,0,85,14,9,2,9,79,FALSE,FALSE,97,125,0
Good,62,247,11,93,29,2,2,90,37,2,6,29,1,24,16,0,0,67,,11,1,3,100,TRUE,TRUE,100,117,3
Good,89,172,19,87,22,0,0,100,122,7,7,49,0,23,18,0,0,14,,2,2,0,40,FALSE,FALSE,45,283,0
Bad,65,90,7,37,12,2,2,92,51,7,4,14,4,38,0,3,3,82,95,4,4,2,100,TRUE,FALSE,86,154,2
Good,80,331,13,164,15,0,0,100,122,7,7,15,0,33,0,0,0,34,72,4,2,0,75,FALSE,FALSE,100,45,0
Good,90,247,13,96,21,0,0,100,122,7,7,21,0,33,36,0,0,0,,0,1,0,25,FALSE,FALSE,100,85,0
Bad,72,216,5,100,25,1,1,85,8,4,4,26,1,31,5,0,0,33,,3,2,1,31,TRUE,TRUE,96,120,4
Bad,81,101,20,41,12,0,0,100,122,7,7,12,0,42,0,2,2,6,,1,4,0,83,FALSE,FALSE,100,118,0
Good,75,128,2,82,26,0,0,96,18,7,6,30,2,57,1,2,2,16,41,1,8,1,69,TRUE,FALSE,87,233,2
Bad,64,203,13,88,9,3,0,57,12,7,5,21,0,50,14,0,0,0,80,1,4,1,83,TRUE,FALSE,43,103,10
Bad,62,164,1,43,39,0,0,100,122,7,7,44,17,36,36,24,24,54,104,5,11,3,73,FALSE,FALSE,89,267,0
Good,88,140,16,61,13,0,0,100,122,7,7,13,0,46,2,1,1,1,72,1,2,0,60,FALSE,FALSE,100,92,0
Bad,77,178,9,52,20,0,0,100,122,7,7,20,1,20,0,5,5,17,53,6,3,0,56,FALSE,FALSE,100,112,0
Good,60,177,2,116,5,6,2,50,10,6,3,9,1,17,0,1,1,38,,3,2,1,60,TRUE,TRUE,56,51,5
Bad,72,77,5,51,8,0,0,100,122,7,7,9,1,63,7,0,0,89,,1,1,1,100,FALSE,FALSE,89,115,0
Bad,65,111,19,63,23,1,1,92,25,7,2,25,0,64,0,4,4,72,114,1,8,0,90,TRUE,FALSE,92,223,2
Bad,71,200,23,94,25,0,0,71,5,6,6,28,0,36,8,0,0,3,14,2,2,0,44,TRUE,TRUE,89,139,9
Bad,72,241,4,64,14,0,0,100,122,7,7,15,3,43,36,1,1,69,96,3,2,2,100,FALSE,FALSE,93,62,0
Good,73,284,11,111,15,0,0,100,122,7,7,15,1,40,0,0,0,74,58,3,4,2,78,FALSE,FALSE,100,53,0
Good,72,174,4,96,8,1,1,70,53,7,4,10,1,50,36,2,2,33,,2,1,0,75,TRUE,FALSE,80,57,3
Bad,89,474,49,184,8,0,0,100,122,7,7,15,0,0,1,0,0,30,,3,2,1,67,FALSE,FALSE,53,32,0
Good,90,325,53,187,14,0,0,100,122,7,7,19,0,14,1,0,0,0,,1,2,0,11,FALSE,FALSE,74,58,0
Bad,65,317,5,132,12,2,1,80,10,5,2,15,4,20,0,9,7,43,90,7,2,2,100,TRUE,TRUE,80,47,3
Bad,64,103,1,52,22,1,1,88,26,7,6,24,3,38,1,5,5,29,77,4,3,2,58,TRUE,FALSE,92,231,3
Bad,74,111,2,37,8,0,0,100,122,7,7,9,2,22,0,4,4,49,73,5,2,1,88,FALSE,FALSE,89,80,0
Bad,72,244,0,109,25,0,0,100,122,7,7,27,4,15,0,6,6,46,,5,2,1,50,FALSE,FALSE,93,110,0
Good,80,263,14,84,23,0,0,96,62,7,6,23,0,52,0,0,0,8,33,4,3,0,70,TRUE,FALSE,100,87,1
Bad,62,155,3,70,21,2,0,74,9,6,2,23,2,57,0,5,5,75,93,1,3,1,100,TRUE,TRUE,91,147,6
Good,83,345,6,185,19,1,0,95,54,7,5,20,3,20,0,1,1,5,64,7,2,0,64,TRUE,FALSE,95,58,1
Good,87,216,8,87,16,0,0,100,122,7,7,16,1,19,2,1,1,2,,1,2,0,25,FALSE,FALSE,100,74,0
Good,71,301,17,132,13,0,0,93,4,6,6,14,0,36,0,0,0,46,,2,1,1,60,TRUE,TRUE,93,46,1
Good,87,263,3,73,21,0,0,100,122,7,7,21,3,24,9,0,0,13,62,3,2,0,42,FALSE,FALSE,100,80,0
Good,67,117,5,61,26,0,0,93,30,7,6,27,3,15,3,1,1,86,,5,1,3,67,TRUE,FALSE,96,229,2
Good,66,273,2,149,8,2,0,83,19,7,5,17,3,33,1,1,1,44,84,4,2,2,70,TRUE,FALSE,47,62,3
Bad,69,232,1,59,16,0,0,95,22,7,6,57,6,47,0,5,5,54,74,2,5,1,78,TRUE,FALSE,28,245,3
Good,83,226,35,88,12,0,0,100,122,7,7,13,0,42,36,1,1,26,,2,1,0,75,FALSE,FALSE,92,57,0
Bad,77,223,3,61,22,0,0,100,122,7,7,22,4,5,2,3,3,44,97,5,1,2,46,FALSE,FALSE,100,98,0
Bad,76,56,7,39,6,0,0,100,122,7,7,6,1,17,0,0,0,21,22,3,1,1,67,FALSE,FALSE,100,105,0
Bad,59,117,3,98,14,1,1,87,3,6,6,15,2,53,36,1,1,4,97,2,2,0,100,TRUE,TRUE,93,127,2
Bad,74,297,6,140,24,2,1,89,72,7,2,28,2,21,0,0,0,42,,9,2,2,69,TRUE,FALSE,86,94,4
Bad,80,190,6,65,10,1,1,92,65,7,4,12,2,50,0,0,0,48,,1,1,1,50,TRUE,FALSE,83,63,1
Bad,81,98,3,40,22,0,0,100,122,7,7,23,6,17,1,4,3,0,81,0,1,0,11,FALSE,FALSE,96,232,0
Bad,68,161,8,50,4,0,0,100,122,7,7,4,1,0,0,0,0,87,,4,2,3,100,FALSE,FALSE,100,25,0
Good,80,233,1,57,30,0,0,100,122,7,7,31,6,16,0,1,1,9,70,3,2,1,42,FALSE,FALSE,97,132,0
Bad,61,232,6,77,9,1,0,64,15,7,5,11,4,36,4,1,1,76,,2,1,1,60,TRUE,FALSE,82,47,4
Good,73,200,2,83,32,0,0,100,122,7,7,48,3,42,1,3,3,25,97,4,1,1,71,FALSE,FALSE,67,239,0
Good,89,122,5,60,44,0,0,100,122,7,7,56,3,79,36,3,3,2,97,1,4,0,63,FALSE,FALSE,79,455,0
Bad,70,117,3,50,18,0,0,89,15,7,6,18,4,50,7,0,0,42,83,2,3,0,63,TRUE,FALSE,100,153,2
Bad,64,57,11,39,10,1,0,75,20,7,5,13,1,42,0,1,1,68,88,2,4,1,86,TRUE,FALSE,77,224,4
Good,87,163,84,109,9,0,0,100,122,7,7,9,0,33,1,0,0,28,,3,1,0,67,FALSE,FALSE,100,55,0
Good,66,203,32,109,8,0,0,60,1,6,6,10,0,10,1,0,0,34,,3,1,1,100,TRUE,TRUE,80,49,4
Good,88,385,10,159,17,0,0,100,122,7,7,17,1,18,1,0,0,9,,3,1,0,57,FALSE,FALSE,100,44,0
Good,63,232,5,130,27,2,2,89,62,7,6,27,1,19,36,3,3,56,55,7,3,4,69,TRUE,FALSE,100,116,3
Good,86,199,6,67,10,0,0,100,122,7,7,10,1,30,4,1,1,12,32,3,1,0,50,FALSE,FALSE,100,50,0
Bad,60,197,4,70,6,2,2,71,25,7,2,7,1,14,0,1,1,23,82,3,1,1,80,TRUE,FALSE,86,35,3
Good,66,93,1,49,24,1,1,81,38,7,2,27,4,19,0,0,0,47,57,3,3,1,64,TRUE,FALSE,89,287,6
Good,67,279,3,80,51,0,0,94,13,7,6,52,2,37,0,1,1,45,86,15,4,3,70,TRUE,FALSE,98,186,4
Bad,78,125,5,63,19,0,0,100,122,7,7,20,1,55,1,0,0,39,66,4,4,1,100,FALSE,FALSE,95,159,0
Good,88,435,4,164,19,0,0,100,122,7,7,19,1,0,4,1,1,3,,6,2,0,43,FALSE,FALSE,100,44,0
Bad,83,221,11,67,19,0,0,100,122,7,7,21,1,21,10,0,0,4,36,1,3,0,29,FALSE,FALSE,90,95,0
Bad,71,106,0,39,22,0,0,92,54,7,6,25,7,52,0,3,2,32,94,4,4,1,67,TRUE,FALSE,88,234,2
Bad,74,193,1,91,19,0,0,100,122,7,7,22,2,18,36,1,1,90,79,6,2,4,73,FALSE,FALSE,86,113,0
Good,72,156,2,53,16,2,0,89,50,7,5,24,1,37,36,0,0,29,50,2,2,1,44,TRUE,FALSE,67,153,3
Bad,68,75,2,30,27,0,0,100,122,7,7,37,6,17,5,0,0,30,65,13,4,0,67,FALSE,FALSE,73,487,0
Good,91,396,22,127,18,0,0,100,122,7,7,18,0,17,1,0,0,5,,1,2,0,50,FALSE,FALSE,100,45,0
Good,78,162,8,58,38,0,0,100,122,7,7,53,2,18,2,1,1,6,80,3,3,0,32,FALSE,FALSE,72,325,0
Good,65,198,5,73,22,1,0,88,27,7,5,24,1,17,0,2,2,31,,3,1,1,57,TRUE,FALSE,92,121,3
Bad,58,25,1,10,3,0,0,100,122,7,7,4,3,25,0,4,4,85,,1,1,1,75,FALSE,FALSE,75,154,0
Bad,63,274,2,94,49,0,0,94,21,7,6,52,2,10,0,1,1,43,77,19,3,5,64,TRUE,FALSE,94,189,4
Bad,66,115,7,60,40,0,0,93,2,6,6,40,4,25,1,3,3,37,59,5,3,0,80,TRUE,TRUE,100,345,3
Bad,45,56,10,35,4,3,3,75,2,2,6,4,1,25,36,4,4,68,69,1,1,0,50,TRUE,TRUE,100,70,1
Good,73,116,23,65,23,0,0,100,122,7,7,23,0,39,1,1,1,25,70,3,4,1,62,FALSE,FALSE,100,197,0
Bad,57,164,7,62,16,1,1,72,2,6,3,19,2,47,0,1,1,67,62,5,2,3,100,TRUE,TRUE,84,115,6
Good,59,178,16,87,16,4,2,71,19,7,4,22,0,48,0,2,2,96,59,2,3,1,75,TRUE,FALSE,73,123,7
Good,80,198,10,72,25,0,0,100,122,7,7,25,1,24,0,1,1,7,23,1,2,0,50,FALSE,FALSE,100,126,0
Good,59,162,5,85,19,0,0,85,2,6,6,20,2,35,0,0,0,89,,8,1,2,90,TRUE,TRUE,95,123,3
Bad,57,172,56,116,10,12,12,58,20,2,2,21,0,17,0,0,0,12,,2,2,1,67,TRUE,TRUE,48,121,9
Good,61,106,17,60,6,0,0,86,1,6,6,7,0,43,5,0,0,84,,2,2,2,67,TRUE,TRUE,86,65,1
Good,84,125,15,81,13,0,0,100,122,7,7,14,0,36,0,1,1,0,70,0,3,0,38,FALSE,FALSE,93,111,0
Bad,71,83,2,33,23,0,0,96,62,7,6,26,5,23,0,11,11,23,92,4,3,0,47,TRUE,FALSE,88,310,2
Bad,66,375,16,183,21,1,0,83,4,5,5,23,0,52,0,3,3,24,,3,2,0,100,TRUE,TRUE,91,61,4
Good,82,306,1,105,18,0,0,95,26,7,6,20,1,25,2,1,1,6,100,9,1,0,77,TRUE,FALSE,90,65,1
Good,79,133,2,68,27,0,0,100,122,7,7,30,3,36,0,4,4,1,93,4,2,0,60,FALSE,FALSE,90,224,0
Good,82,280,13,102,22,0,0,91,26,7,6,23,0,9,0,0,0,3,,4,1,1,42,TRUE,FALSE,96,82,3
Good,62,128,4,57,16,4,2,71,5,6,2,21,2,33,0,0,0,48,39,8,2,1,100,TRUE,TRUE,76,163,7
Bad,60,123,5,52,13,4,3,73,8,2,2,15,3,33,6,0,0,26,,2,1,0,50,TRUE,TRUE,87,121,5
Bad,54,113,2,36,37,0,0,97,8,6,6,38,6,50,0,9,9,59,94,4,5,1,69,TRUE,TRUE,97,333,2
Bad,68,203,13,84,23,0,0,96,1,6,6,24,0,42,0,0,0,81,68,4,3,3,89,TRUE,TRUE,96,118,1
Good,59,213,24,90,13,0,0,85,5,6,6,14,0,54,1,10,10,104,,2,1,2,100,TRUE,TRUE,93,65,3
Good,87,347,14,139,25,0,0,100,122,7,7,31,0,20,4,1,1,8,81,4,2,0,55,FALSE,FALSE,81,89,0
Bad,87,204,1,78,45,0,0,100,122,7,7,46,2,59,14,0,0,1,95,3,2,0,50,FALSE,FALSE,98,224,0
Bad,66,174,2,59,7,1,1,90,62,7,6,10,2,30,0,1,1,86,,2,2,1,40,TRUE,FALSE,70,57,1
Bad,66,204,25,94,6,1,1,86,62,7,6,8,0,86,0,0,0,24,,1,1,1,100,TRUE,FALSE,75,39,2
Good,73,85,6,40,17,1,0,94,11,5,5,18,2,28,10,0,0,10,,3,2,0,36,TRUE,TRUE,94,209,2
Bad,67,233,12,66,13,1,0,87,10,6,5,15,0,67,0,1,1,33,81,3,2,1,83,TRUE,TRUE,87,64,2
Good,78,207,18,77,9,0,0,100,122,7,7,9,0,44,6,0,0,21,,2,1,1,75,FALSE,FALSE,100,43,0
Bad,61,59,4,17,9,0,0,100,122,7,7,9,4,22,0,8,8,89,90,3,2,2,100,FALSE,FALSE,100,150,0
Bad,72,204,4,67,21,2,0,91,28,7,5,25,7,52,36,0,0,66,95,5,4,0,100,TRUE,FALSE,84,122,3
Bad,75,198,4,69,30,0,0,100,122,7,7,30,3,13,0,0,0,46,97,4,2,2,67,FALSE,FALSE,100,151,0
Good,88,342,50,256,7,0,0,100,122,7,7,7,0,0,0,0,0,12,,3,2,0,60,FALSE,FALSE,100,20,0
Bad,60,70,8,39,10,2,1,83,19,7,5,13,1,58,0,1,1,89,93,4,3,2,88,TRUE,FALSE,77,183,3
Bad,61,350,5,92,33,2,0,86,1,5,5,36,5,25,0,1,1,43,74,6,3,1,53,TRUE,TRUE,92,103,6
Good,61,207,3,67,27,0,0,97,3,6,6,30,2,40,0,3,3,24,71,5,3,0,57,TRUE,TRUE,90,144,1
Good,78,256,2,83,25,0,0,100,122,7,7,27,1,19,3,1,1,34,,4,1,2,33,FALSE,FALSE,93,105,0
Good,74,215,5,75,29,1,1,87,43,7,4,42,1,32,11,0,0,57,,3,1,0,44,TRUE,FALSE,69,194,6
Bad,79,162,7,94,17,0,0,100,122,7,7,17,1,29,0,0,0,28,,3,1,1,57,FALSE,FALSE,100,104,0
Good,82,205,2,86,30,0,0,97,39,7,6,31,4,19,0,2,2,2,75,7,1,0,44,TRUE,FALSE,97,150,1
Good,84,222,7,101,25,0,0,100,122,7,7,39,1,24,0,1,1,9,,5,1,0,46,FALSE,FALSE,64,175,0
Good,70,133,5,63,21,2,1,91,9,6,5,23,3,18,36,0,0,16,,2,1,0,30,TRUE,TRUE,91,172,3
Good,82,271,2,79,25,0,0,100,122,7,7,33,3,31,2,1,1,2,74,4,2,0,50,FALSE,FALSE,76,121,0
Bad,72,120,3,51,16,1,0,94,80,7,5,19,2,53,36,3,3,44,81,5,9,0,100,TRUE,FALSE,84,157,2
Good,78,423,1,138,30,0,0,97,32,7,6,31,5,23,36,1,1,26,58,4,1,1,32,TRUE,FALSE,97,73,1
Bad,63,129,1,50,6,3,2,75,6,5,2,12,2,33,0,4,4,17,,2,1,0,75,TRUE,TRUE,50,92,3
Good,76,187,5,70,64,0,0,100,122,7,7,65,2,30,2,1,1,26,75,7,4,1,55,FALSE,FALSE,98,346,0
Bad,80,175,6,59,19,0,0,100,122,7,7,19,1,16,0,3,3,12,,6,1,0,58,FALSE,FALSE,100,108,0
Bad,61,215,28,105,18,4,2,68,11,6,4,25,0,44,2,2,2,34,89,2,2,0,71,TRUE,TRUE,72,116,8
Good,80,290,5,96,14,0,0,100,122,7,7,43,2,21,36,1,1,29,,5,2,1,58,FALSE,FALSE,33,148,0
Good,79,325,13,99,23,1,0,96,75,7,5,24,0,29,0,1,1,50,30,4,3,1,70,TRUE,FALSE,96,74,1
Bad,86,438,4,81,12,0,0,92,62,7,6,12,1,42,0,0,0,5,,3,1,0,57,TRUE,FALSE,100,27,1
Bad,70,144,2,70,34,0,0,100,122,7,7,35,3,51,2,6,6,61,51,5,5,1,83,FALSE,FALSE,97,241,0
Good,80,148,3,103,16,0,0,100,122,7,7,16,1,75,3,1,1,47,51,1,6,1,88,FALSE,FALSE,100,107,0
Bad,87,285,2,73,26,0,0,100,122,7,7,29,3,45,0,0,0,3,108,3,5,0,67,FALSE,FALSE,90,101,0
Bad,64,131,20,73,6,1,0,56,1,6,5,9,0,22,0,1,1,67,79,2,2,0,100,TRUE,TRUE,67,68,4
Bad,70,43,4,21,11,0,0,100,122,7,7,13,4,38,0,3,3,64,98,4,3,1,88,FALSE,FALSE,85,295,0
Bad,59,45,11,31,10,2,1,73,11,5,4,15,1,20,0,0,0,14,,6,1,0,88,TRUE,TRUE,67,326,5
Bad,80,150,2,64,18,0,0,95,19,7,6,19,2,68,9,0,0,8,91,1,2,0,50,TRUE,FALSE,95,126,1
Bad,57,150,6,18,2,1,1,67,16,7,4,9,2,33,7,0,0,22,,1,1,1,67,TRUE,FALSE,22,60,3
Bad,80,250,1,76,10,0,0,92,62,7,6,12,1,33,0,2,2,4,7,3,3,1,75,TRUE,FALSE,83,48,1
Good,62,164,7,64,21,0,0,86,5,6,6,21,1,19,0,0,0,70,52,5,1,1,75,TRUE,TRUE,100,127,3
Good,75,413,9,112,33,0,0,100,122,7,7,33,1,30,0,0,0,59,49,5,2,1,80,FALSE,FALSE,100,80,0
Bad,69,125,2,60,7,2,2,80,38,7,3,10,3,30,0,5,3,52,93,2,1,1,75,TRUE,FALSE,70,79,2
Good,57,183,4,73,24,0,0,79,2,6,6,24,3,29,1,4,4,59,77,6,3,2,82,TRUE,TRUE,100,130,6
Good,87,193,2,83,36,0,0,100,122,7,7,40,1,23,0,2,2,1,,5,1,0,38,FALSE,FALSE,90,206,0
Bad,79,196,5,97,28,0,0,100,122,7,7,29,2,48,0,0,0,40,,4,1,1,83,FALSE,FALSE,97,147,0
Good,87,367,10,173,26,0,0,100,122,7,7,27,2,44,17,0,0,2,,5,2,0,58,FALSE,FALSE,96,73,0
Bad,58,194,5,83,23,1,1,85,2,4,4,26,2,35,0,0,0,72,95,9,2,3,92,TRUE,TRUE,88,133,4
Good,74,52,12,31,10,0,0,100,122,7,7,10,0,60,0,0,0,38,61,2,3,2,83,FALSE,FALSE,100,189,0
Good,79,366,3,94,53,0,0,100,122,7,7,53,2,23,16,0,0,16,64,5,4,0,39,FALSE,FALSE,100,144,0
Good,70,141,8,145,17,3,2,80,29,7,2,20,1,20,16,0,0,46,91,5,2,1,100,TRUE,FALSE,85,141,4
Bad,65,216,6,80,19,1,0,70,7,6,5,20,1,30,0,0,0,21,,2,1,0,38,TRUE,TRUE,95,92,6
Bad,62,166,1,48,43,0,0,100,122,7,7,44,6,41,0,10,10,55,84,6,4,5,59,FALSE,FALSE,98,263,0
Good,81,220,3,86,44,0,0,100,122,7,7,46,3,11,0,2,2,0,,1,1,0,14,FALSE,FALSE,96,208,0
Bad,88,109,62,87,8,0,0,100,122,7,7,8,0,50,1,0,0,0,3,0,1,0,50,FALSE,FALSE,100,73,0
Good,77,213,7,102,35,0,0,91,18,7,6,37,1,43,36,0,0,4,53,4,4,0,69,TRUE,FALSE,95,173,4
Good,65,169,32,78,17,4,3,70,23,7,3,20,0,30,1,7,7,5,27,2,4,1,60,TRUE,FALSE,85,118,6
Good,63,112,7,45,37,0,0,100,122,7,7,37,9,5,0,2,2,25,,10,2,1,56,FALSE,FALSE,100,327,0
Good,87,165,5,79,14,0,0,100,122,7,7,15,4,20,4,1,1,3,,1,1,0,33,FALSE,FALSE,93,90,0
Good,72,197,4,64,24,0,0,100,122,7,7,24,2,33,4,1,1,25,83,8,3,2,65,FALSE,FALSE,100,121,0
Good,84,127,16,72,8,0,0,100,122,7,7,8,0,75,6,0,0,13,52,1,4,0,100,FALSE,FALSE,100,62,0
Bad,58,30,15,24,4,0,0,25,3,6,6,4,0,50,0,0,0,30,,1,1,1,100,TRUE,TRUE,100,129,3
Bad,88,163,11,87,9,0,0,90,62,7,6,10,1,20,0,0,0,2,,2,2,0,40,TRUE,FALSE,90,61,1
Good,71,291,3,91,16,0,0,88,22,7,6,17,1,47,10,0,0,31,60,4,6,1,83,TRUE,FALSE,94,58,3
Bad,52,141,16,75,22,9,6,75,18,2,2,29,0,39,0,4,4,61,73,3,2,0,71,TRUE,TRUE,76,204,8
Bad,64,79,4,41,16,0,0,100,122,7,7,17,4,24,6,0,0,79,95,6,3,5,91,FALSE,FALSE,94,212,0
Bad,63,27,3,14,8,0,0,100,122,7,7,8,3,50,0,1,1,79,95,3,2,1,83,FALSE,FALSE,100,286,0
Good,76,254,8,85,16,0,0,100,122,7,7,16,2,31,0,0,0,49,94,2,3,2,71,FALSE,FALSE,100,63,0
Bad,75,146,1,69,16,0,0,100,122,7,7,20,6,25,36,2,2,43,98,3,2,0,63,FALSE,FALSE,80,136,0
Bad,61,180,1,62,12,3,3,75,13,7,3,17,2,35,0,1,1,31,79,2,2,0,50,TRUE,FALSE,71,94,5
Bad,59,163,18,80,5,1,1,83,62,7,6,6,0,83,6,0,0,101,42,1,2,1,100,TRUE,FALSE,83,37,2
Bad,55,253,3,74,31,1,1,97,2,2,6,31,1,42,0,2,2,11,92,4,6,0,80,TRUE,TRUE,100,122,1
Good,60,154,5,76,35,3,1,82,4,6,4,38,3,34,4,1,1,26,3,6,2,2,89,TRUE,TRUE,92,245,7
Good,89,193,18,97,19,0,0,100,122,7,7,20,0,45,17,0,0,4,,2,1,0,75,FALSE,FALSE,95,103,0
Bad,80,290,5,82,14,0,0,87,17,7,6,15,2,60,0,0,0,16,44,3,4,0,78,TRUE,FALSE,93,52,2
Bad,69,257,2,111,10,2,0,71,0,6,5,14,1,43,36,1,1,51,,3,1,0,80,TRUE,TRUE,71,54,5
Bad,87,277,6,81,18,0,0,100,122,7,7,18,2,56,0,0,0,16,88,2,2,0,67,FALSE,FALSE,100,65,0
Good,87,304,7,91,23,0,0,100,122,7,7,24,1,63,0,0,0,8,73,5,2,0,78,FALSE,FALSE,96,79,0
Good,64,216,2,86,18,5,1,60,42,7,4,25,2,36,0,4,3,40,58,1,4,1,60,TRUE,FALSE,72,115,10
Bad,92,474,57,258,8,0,0,100,122,7,7,8,0,0,2,1,1,1,,3,2,0,50,FALSE,FALSE,100,17,0
Bad,73,288,3,131,23,6,4,89,21,7,5,27,2,48,0,4,4,24,48,8,3,2,92,TRUE,FALSE,85,93,3
Good,76,193,9,90,32,0,0,100,122,7,7,35,2,40,0,1,1,37,,3,1,1,67,FALSE,FALSE,91,180,0
Bad,69,284,4,73,24,2,0,74,16,7,5,29,1,30,4,1,1,12,48,1,3,0,57,TRUE,FALSE,83,102,8
Bad,70,167,2,61,19,0,0,70,11,6,6,20,2,35,0,1,1,4,76,3,3,0,70,TRUE,TRUE,95,119,6
Bad,65,176,1,19,18,0,0,100,122,7,7,37,7,10,36,4,4,38,100,8,2,2,59,FALSE,FALSE,49,209,0
Bad,78,41,3,16,3,0,0,100,122,7,7,3,2,67,36,16,16,0,,0,1,1,50,FALSE,FALSE,100,71,0
Bad,58,247,2,62,30,0,0,94,1,6,6,32,4,34,9,0,0,62,70,5,2,2,89,TRUE,TRUE,94,129,2
Good,68,148,7,65,17,0,0,83,31,7,6,18,1,44,0,0,0,28,48,2,2,2,40,TRUE,FALSE,94,121,4
Bad,65,101,2,34,15,0,0,100,122,7,7,18,5,33,0,9,9,72,100,5,3,4,69,FALSE,FALSE,83,176,0
Bad,72,255,4,12,5,0,0,100,122,7,7,25,4,60,0,3,3,4,85,1,2,0,75,FALSE,FALSE,20,98,0
Good,83,294,2,106,22,2,1,92,43,7,4,47,3,16,2,1,1,0,35,2,2,0,44,TRUE,FALSE,47,159,4
Bad,65,118,2,49,24,0,0,96,62,7,6,25,6,40,0,2,2,28,84,4,4,1,62,TRUE,FALSE,96,210,1
Bad,59,120,7,32,7,1,1,86,5,6,6,24,2,57,36,1,1,42,95,1,2,0,100,TRUE,TRUE,29,198,4
Good,60,125,6,45,39,0,0,95,6,6,6,39,3,18,0,1,1,27,54,7,6,2,42,TRUE,TRUE,100,310,2
Bad,59,225,2,73,52,0,0,98,8,6,6,54,6,54,0,6,6,45,28,7,3,2,83,TRUE,TRUE,96,239,2
Good,67,37,5,19,18,0,0,100,122,7,7,18,5,6,0,2,2,30,,10,1,1,65,FALSE,FALSE,100,474,0
Bad,65,399,15,147,11,2,2,80,5,2,2,15,0,7,0,1,1,30,,6,2,0,60,TRUE,TRUE,73,38,3
Good,72,29,3,20,11,0,0,100,122,7,7,11,3,18,0,2,1,6,,3,1,0,44,FALSE,FALSE,100,367,0
Good,73,418,9,111,18,2,1,90,4,2,2,20,1,25,0,0,0,11,,2,1,0,43,TRUE,TRUE,90,48,2
Bad,67,110,7,46,33,1,1,97,9,6,4,38,1,26,36,1,1,41,23,9,2,2,87,TRUE,TRUE,87,342,2
Bad,60,65,8,28,22,1,1,95,14,7,6,27,4,14,14,0,0,27,59,7,3,1,50,TRUE,FALSE,81,409,2
Bad,67,176,5,79,22,2,0,83,61,7,5,24,4,21,0,0,0,61,95,7,2,2,90,TRUE,FALSE,92,136,5
Good,68,178,1,66,21,0,0,96,7,6,6,44,6,74,5,0,0,38,80,3,3,2,75,TRUE,TRUE,48,246,2
Bad,57,208,4,69,20,0,0,65,3,6,6,20,2,40,0,6,6,70,100,4,3,2,64,TRUE,TRUE,100,96,7
Good,57,298,4,58,47,1,0,92,1,6,5,48,5,75,0,1,1,51,77,5,7,1,92,TRUE,TRUE,98,161,4
Bad,82,181,10,92,10,0,0,90,71,7,6,10,2,30,3,1,1,5,,2,1,0,60,TRUE,FALSE,100,55,1
Bad,59,142,18,50,14,2,1,80,10,6,5,16,0,50,0,1,1,82,48,3,3,1,78,TRUE,TRUE,88,112,4
Bad,70,97,7,53,14,0,0,94,62,7,6,16,1,38,0,1,1,17,69,2,3,0,60,TRUE,FALSE,88,163,1
Good,73,69,15,41,9,0,0,100,122,7,7,9,0,56,1,0,0,87,83,1,2,1,75,FALSE,FALSE,100,129,0
Good,82,241,2,93,21,0,0,100,122,7,7,22,1,32,1,1,1,12,98,3,2,1,56,FALSE,FALSE,95,91,0
Good,79,256,11,79,42,0,0,100,122,7,7,44,1,23,10,0,0,17,54,8,3,1,52,FALSE,FALSE,95,171,0
Good,90,528,1,210,10,0,0,100,122,7,7,11,1,18,2,1,1,2,,2,1,0,75,FALSE,FALSE,91,21,0
Bad,63,43,10,27,15,0,0,100,122,7,7,15,1,20,0,1,1,53,77,9,2,1,85,FALSE,FALSE,100,341,0
Bad,68,353,1,131,10,7,2,50,20,7,4,20,1,40,0,2,2,27,,2,2,1,50,TRUE,FALSE,50,56,10
Good,83,227,13,95,18,0,0,100,122,7,7,19,0,37,0,0,0,26,33,2,2,0,50,FALSE,FALSE,95,83,0
Good,76,125,8,67,11,0,0,100,122,7,7,12,2,42,36,2,2,59,,2,1,0,100,FALSE,FALSE,92,95,0
Bad,58,178,13,78,39,2,2,79,7,6,2,43,0,42,0,6,5,40,79,6,3,1,64,TRUE,TRUE,91,240,10
Good,85,142,75,106,4,0,0,100,122,7,7,4,0,0,1,0,0,37,,4,2,0,100,FALSE,FALSE,100,28,0
Good,67,183,17,76,36,1,1,97,2,3,3,41,0,16,4,2,2,2,60,2,3,0,36,TRUE,TRUE,88,223,2
Bad,55,228,3,101,27,2,0,72,1,6,5,32,1,34,0,5,5,14,62,7,4,1,65,TRUE,TRUE,84,140,9
Good,73,264,3,71,29,0,0,93,25,7,6,29,5,21,0,0,0,14,72,9,3,0,62,TRUE,FALSE,100,109,3
Bad,81,74,2,47,24,0,0,100,122,7,7,26,1,12,36,2,2,8,,2,1,0,38,FALSE,FALSE,92,347,0
Bad,65,115,11,43,19,0,0,90,1,6,6,20,1,50,36,0,0,52,77,5,6,0,85,TRUE,TRUE,95,172,2
Good,81,192,4,40,12,0,0,100,122,7,7,12,2,29,36,1,1,8,14,3,2,0,56,FALSE,FALSE,100,62,0
Good,82,273,6,103,28,0,0,100,122,7,7,32,1,31,1,1,1,2,,4,3,0,50,FALSE,FALSE,88,117,0
Bad,64,88,5,44,16,1,1,83,11,2,2,18,2,44,0,0,0,43,63,3,2,0,56,TRUE,TRUE,89,202,4
Good,75,163,7,78,27,0,0,100,122,7,7,31,1,35,23,0,0,37,67,4,2,2,55,FALSE,FALSE,87,189,0
Good,79,142,20,74,23,0,0,100,122,7,7,25,0,28,0,1,1,23,,3,1,0,83,FALSE,FALSE,92,175,0
Good,92,398,76,233,5,0,0,100,122,7,7,5,0,0,0,0,0,0,,0,2,1,0,FALSE,FALSE,100,13,0
Bad,59,155,7,47,40,0,0,90,2,6,6,42,3,67,36,3,3,58,68,6,11,1,94,TRUE,TRUE,95,269,5
Good,88,360,3,115,26,0,0,100,122,7,7,28,1,39,1,2,2,4,,4,1,0,45,FALSE,FALSE,93,78,0
Good,70,181,7,64,13,1,1,93,29,7,2,14,2,36,36,0,0,54,83,4,2,0,100,TRUE,FALSE,93,77,1
Good,77,296,6,98,45,0,0,100,122,7,7,45,1,16,36,2,2,12,,7,1,2,36,FALSE,FALSE,100,152,0
Bad,65,64,6,40,14,0,0,100,122,7,7,14,1,36,0,1,1,95,,3,2,3,86,FALSE,FALSE,100,215,0
Bad,83,96,4,198,15,1,0,94,52,7,5,16,4,13,36,1,1,5,,4,2,0,50,TRUE,FALSE,94,165,1
Good,81,407,8,90,31,0,0,100,122,7,7,33,1,36,0,4,4,0,76,2,2,1,45,FALSE,FALSE,94,81,0
Bad,61,170,7,83,26,7,0,80,58,7,5,35,1,37,0,0,0,90,70,5,9,5,94,TRUE,FALSE,74,205,7
Bad,71,174,5,42,25,0,0,96,12,7,6,25,8,20,4,2,2,12,68,3,2,0,29,TRUE,FALSE,100,143,1
Bad,58,163,6,101,20,3,1,71,16,7,5,24,2,29,2,4,4,86,,5,2,2,67,TRUE,FALSE,83,146,7
Bad,78,199,7,73,39,0,0,95,22,7,6,40,1,21,36,1,0,15,19,2,5,1,50,TRUE,FALSE,98,200,2
Bad,82,219,16,79,18,0,0,100,122,7,7,18,0,17,36,0,0,38,,4,1,0,56,FALSE,FALSE,100,82,0
Bad,73,163,13,85,27,0,0,97,52,7,6,29,0,41,1,0,0,34,39,4,2,2,60,TRUE,FALSE,93,177,1
Good,84,541,14,156,21,0,0,100,122,7,7,23,0,22,0,0,0,0,,1,1,0,29,FALSE,FALSE,91,42,0
Bad,57,121,12,63,7,4,4,70,57,2,2,11,0,60,0,0,0,38,78,1,3,0,100,TRUE,TRUE,64,90,4
Bad,67,112,3,74,4,1,0,80,30,7,5,5,1,100,36,5,5,30,,3,1,1,100,TRUE,FALSE,80,44,1
Bad,77,169,29,94,13,1,1,93,32,7,2,15,0,33,1,0,0,0,,1,1,0,50,TRUE,FALSE,87,88,2
Bad,70,201,2,114,9,7,7,75,38,7,2,13,2,31,6,0,0,2,,1,1,0,50,TRUE,FALSE,69,64,4
Bad,73,226,8,83,33,0,0,100,122,7,7,66,1,45,1,1,1,4,83,6,4,1,71,FALSE,FALSE,50,291,0
Good,85,241,7,120,36,0,0,100,122,7,7,36,1,39,2,1,1,1,20,3,4,0,50,FALSE,FALSE,100,149,0
Bad,79,192,20,122,4,0,0,100,122,7,7,5,0,20,0,3,3,40,53,1,1,1,75,FALSE,FALSE,80,26,0
Bad,74,279,3,90,31,1,1,97,12,7,4,33,3,18,0,2,2,5,95,4,3,0,47,TRUE,FALSE,94,118,1
Bad,59,118,4,33,12,2,0,87,1,5,5,15,5,53,36,1,1,18,87,1,2,0,60,TRUE,TRUE,80,126,2
Good,66,130,2,44,12,0,0,92,4,6,6,13,1,23,0,1,1,32,52,5,2,1,70,TRUE,TRUE,92,99,2
Bad,65,144,13,84,9,0,0,73,54,7,6,11,0,18,0,0,0,78,,7,1,2,89,TRUE,FALSE,82,76,3
Good,71,211,2,74,28,0,0,93,4,6,6,30,4,20,3,2,2,12,82,7,2,0,60,TRUE,TRUE,93,142,3
Good,79,243,5,84,29,1,1,81,6,6,4,39,1,35,0,1,1,0,,3,2,1,50,TRUE,TRUE,74,160,8
Bad,62,377,5,86,24,3,2,92,15,7,2,26,2,27,11,0,0,70,76,9,4,4,68,TRUE,FALSE,92,69,3
Good,90,374,6,99,19,0,0,100,122,7,7,19,2,74,6,0,0,5,95,1,2,0,60,FALSE,FALSE,100,51,0
Good,60,143,1,74,22,1,1,96,5,2,2,29,4,34,0,3,3,30,96,6,3,2,82,TRUE,TRUE,76,201,2
Good,88,393,16,158,15,0,0,100,122,7,7,16,0,13,0,0,0,9,,3,1,0,50,FALSE,FALSE,94,41,0
Good,75,356,2,101,32,0,0,97,61,7,6,34,1,18,0,3,3,34,,11,1,2,60,TRUE,FALSE,94,95,2
Bad,67,204,4,80,19,1,1,95,65,7,2,23,6,39,0,0,0,3,67,1,3,0,40,TRUE,FALSE,83,112,2
Bad,80,132,3,51,13,0,0,92,62,7,6,13,1,46,1,4,4,2,77,1,3,0,100,TRUE,FALSE,100,98,2
Bad,56,72,1,28,6,3,3,88,41,7,2,8,3,25,36,2,2,86,3,5,1,3,100,TRUE,FALSE,75,110,1
Good,86,337,1,102,21,0,0,100,122,7,7,22,3,27,1,4,4,3,100,2,4,0,50,FALSE,FALSE,95,65,0
Bad,68,142,1,72,55,0,0,100,122,7,7,67,8,45,1,2,2,58,81,9,4,5,59,FALSE,FALSE,82,469,0
Good,66,386,23,101,23,0,0,96,6,6,6,23,0,30,14,0,0,65,60,7,2,2,100,TRUE,TRUE,100,59,1
Bad,67,251,2,76,31,0,0,97,62,7,6,34,4,59,36,3,3,79,84,6,5,2,92,TRUE,FALSE,91,135,2
Bad,61,178,7,70,26,0,0,89,4,6,6,27,2,52,36,0,0,31,68,3,3,1,86,TRUE,TRUE,96,151,3
Good,77,154,5,128,17,0,0,100,122,7,7,17,1,33,0,1,1,48,,5,1,1,75,FALSE,FALSE,100,110,0
Bad,61,132,8,69,3,1,1,80,12,7,2,5,2,100,0,0,0,30,94,3,2,1,100,TRUE,FALSE,60,38,1
Bad,77,61,2,33,14,0,0,100,122,7,7,15,1,7,21,0,0,27,,4,1,0,56,FALSE,FALSE,93,242,0
Bad,72,177,0,48,31,0,0,100,122,7,7,34,7,47,0,12,12,45,93,6,6,2,60,FALSE,FALSE,91,191,0
Bad,40,166,3,100,12,11,7,48,1,2,2,23,1,17,3,5,5,72,,11,1,3,87,TRUE,TRUE,52,138,12
Bad,60,179,7,69,19,4,2,78,6,5,4,24,1,38,0,6,6,0,,1,2,0,25,TRUE,TRUE,79,133,6
Bad,78,154,7,90,15,0,0,93,50,7,6,15,1,20,12,0,0,39,70,7,2,1,90,TRUE,FALSE,100,97,2
Good,76,85,5,46,19,0,0,100,122,7,7,19,2,37,7,0,0,34,37,6,2,0,80,FALSE,FALSE,100,221,0
Bad,80,233,143,211,4,0,0,100,122,7,7,4,0,0,23,0,0,92,,1,2,1,50,FALSE,FALSE,100,17,0
Bad,62,102,2,69,6,1,1,75,44,7,2,8,1,50,36,1,1,65,,4,2,1,100,TRUE,FALSE,75,78,2
Bad,80,254,3,73,25,0,0,100,122,7,7,28,4,32,36,3,3,0,99,2,2,0,36,FALSE,FALSE,89,110,0
Good,61,150,9,36,5,0,0,83,11,6,6,6,2,33,0,0,0,69,74,3,2,1,100,TRUE,TRUE,83,40,2
Bad,78,168,4,68,18,0,0,100,122,7,7,18,2,33,0,0,0,22,47,5,2,0,70,FALSE,FALSE,100,107,0
Bad,75,291,20,118,15,1,0,94,68,7,5,17,0,41,0,2,2,48,,3,1,0,83,TRUE,FALSE,88,58,2
Good,77,271,4,120,44,0,0,100,122,7,7,50,2,35,5,0,0,36,98,6,2,2,53,FALSE,FALSE,88,184,0
Good,70,232,5,69,23,0,0,100,122,7,7,27,3,30,4,2,2,55,,6,2,3,57,FALSE,FALSE,85,116,0
Good,79,199,7,121,18,0,0,100,122,7,7,51,1,11,0,1,1,21,15,5,1,1,75,FALSE,FALSE,35,255,0
Good,79,81,6,46,24,0,0,100,122,7,7,24,1,25,36,4,4,13,,2,1,0,43,FALSE,FALSE,100,293,0
Bad,70,214,21,148,16,7,7,88,15,2,6,17,0,35,36,0,0,28,,4,1,0,63,TRUE,TRUE,94,79,3
Bad,72,181,2,70,16,0,0,100,122,7,7,17,1,29,0,3,3,68,66,4,2,2,86,FALSE,FALSE,94,93,0
Bad,71,164,10,81,12,0,0,100,122,7,7,12,1,33,0,1,0,83,40,5,2,2,78,FALSE,FALSE,100,73,0
Bad,81,158,13,71,34,0,0,97,42,7,6,37,0,42,1,1,1,9,86,3,5,0,47,TRUE,FALSE,92,233,2
Bad,51,186,13,96,22,3,1,84,2,2,2,25,0,56,0,4,3,79,50,5,3,3,100,TRUE,TRUE,88,134,4
Bad,62,93,9,40,12,1,1,85,3,2,2,13,1,54,8,0,0,30,90,2,2,1,57,TRUE,TRUE,92,138,2
Bad,63,142,10,78,16,1,0,76,5,5,5,17,2,47,15,0,0,59,51,3,2,2,83,TRUE,TRUE,94,119,5
Bad,64,96,2,49,15,1,1,78,13,7,6,19,2,44,0,6,6,0,95,0,2,0,40,TRUE,FALSE,79,196,5
Bad,60,191,34,93,5,5,2,46,6,5,2,40,0,46,0,4,4,30,,1,1,0,67,TRUE,TRUE,12,208,22
Good,83,130,7,62,15,0,0,100,122,7,7,15,1,33,6,0,0,13,,3,1,0,57,FALSE,FALSE,100,115,0
Good,79,210,14,102,13,0,0,93,79,7,6,14,0,29,13,0,0,20,,2,1,1,75,TRUE,FALSE,93,66,1
Bad,67,124,2,47,38,0,0,100,122,7,7,39,3,23,0,8,8,56,70,7,4,3,65,FALSE,FALSE,97,312,0
Good,56,177,4,61,10,2,2,53,3,6,2,17,3,53,0,1,1,62,78,5,2,1,88,TRUE,TRUE,59,96,8
Bad,70,159,7,113,14,1,1,89,11,6,6,19,1,26,36,0,0,13,76,3,2,0,83,TRUE,TRUE,74,119,3
Good,80,172,1,92,21,0,0,100,122,7,7,22,2,27,0,1,1,37,,4,1,1,83,FALSE,FALSE,95,127,0
Good,80,125,4,55,26,0,0,100,122,7,7,26,3,23,0,0,0,4,31,4,2,0,58,FALSE,FALSE,100,206,0
Bad,75,184,14,89,12,0,0,100,122,7,7,17,0,71,10,0,0,58,82,2,3,1,100,FALSE,FALSE,71,92,0
Bad,65,178,11,61,19,0,0,100,122,7,7,19,1,58,0,1,1,93,73,6,4,4,91,FALSE,FALSE,100,106,0
Bad,50,211,15,98,15,3,1,48,2,6,5,21,0,19,36,1,1,23,23,2,2,0,31,TRUE,TRUE,71,99,11
Good,82,189,10,82,16,0,0,100,122,7,7,16,1,44,3,1,1,12,,2,2,0,44,FALSE,FALSE,100,84,0
Good,80,138,4,61,18,0,0,94,39,7,6,18,2,11,17,1,0,0,,2,2,1,29,TRUE,FALSE,100,129,2
Good,82,151,4,68,25,0,0,100,122,7,7,25,1,8,23,0,0,6,,4,1,1,38,FALSE,FALSE,100,164,0
Bad,61,209,1,89,34,2,2,83,10,2,2,41,3,44,0,8,8,35,46,8,4,1,76,TRUE,TRUE,83,195,7
Bad,61,93,2,36,12,0,0,100,122,7,7,13,5,85,36,5,5,103,97,1,3,1,100,FALSE,FALSE,92,138,0
Bad,61,140,2,68,49,0,0,96,62,7,6,52,7,40,1,3,3,59,87,7,8,4,83,TRUE,FALSE,94,369,3
Good,76,230,6,76,22,0,0,82,38,7,6,22,2,23,21,0,0,5,,3,1,1,33,TRUE,FALSE,100,95,4
Good,77,193,23,43,8,0,0,100,122,7,7,18,0,13,36,0,0,45,9,5,1,0,86,FALSE,FALSE,44,93,0
Good,74,158,2,58,36,1,1,97,62,7,6,40,5,45,0,0,0,0,92,1,3,1,57,TRUE,FALSE,90,252,2
Good,56,178,1,82,27,0,0,83,6,7,6,29,2,24,1,1,1,77,86,8,3,2,86,TRUE,FALSE,93,162,5
Good,66,305,36,134,26,1,0,90,8,6,5,29,0,28,5,0,0,46,,6,2,3,62,TRUE,TRUE,90,95,3
Good,75,210,1,63,39,0,0,100,122,7,7,44,7,36,1,2,2,16,67,4,8,1,60,FALSE,FALSE,89,209,0
Bad,60,63,4,21,16,0,0,88,39,7,6,16,5,38,0,5,5,74,94,6,4,1,92,TRUE,FALSE,100,250,2
Good,91,450,29,196,12,0,0,100,122,7,7,12,0,8,1,0,0,6,,2,2,0,67,FALSE,FALSE,100,27,0
Bad,74,565,4,148,24,0,0,96,62,7,6,24,2,13,36,0,0,34,90,6,1,1,58,TRUE,FALSE,100,42,1
Good,75,221,6,43,58,0,0,100,122,7,7,59,10,5,0,2,2,15,95,6,2,2,27,FALSE,FALSE,98,266,0
Bad,55,80,17,56,4,5,2,56,31,7,2,9,0,33,0,10,9,0,71,0,1,1,33,TRUE,FALSE,44,111,4
Bad,74,103,2,26,6,0,0,100,122,7,7,8,4,38,0,3,3,36,,2,1,1,60,FALSE,FALSE,75,77,0
Good,74,327,1,80,39,0,0,100,122,7,7,42,7,21,1,3,3,41,68,9,3,2,71,FALSE,FALSE,93,128,0
Good,72,189,2,70,19,0,0,100,122,7,7,22,2,41,36,3,3,92,,6,1,4,78,FALSE,FALSE,86,116,0
Good,80,185,2,64,41,0,0,100,122,7,7,46,5,37,0,4,4,3,93,4,4,0,56,FALSE,FALSE,89,247,0
Bad,69,72,3,48,14,1,0,87,20,7,5,15,2,7,36,1,1,29,,5,1,0,58,TRUE,FALSE,93,205,2
Bad,57,338,3,63,13,2,1,67,13,7,5,17,1,60,1,2,2,55,90,1,4,1,56,TRUE,FALSE,76,50,6
Good,63,211,13,76,15,2,2,74,9,4,2,19,0,5,0,7,7,1,,1,2,0,14,TRUE,TRUE,79,90,5
Bad,60,49,2,25,24,0,0,100,122,7,7,25,6,32,0,2,2,35,73,9,4,2,72,FALSE,FALSE,96,500,0
Good,87,270,26,83,28,0,0,100,122,7,7,28,0,25,0,0,0,0,,1,2,0,10,FALSE,FALSE,100,103,0
Good,62,208,4,118,16,1,0,89,1,6,5,18,2,33,0,1,1,69,66,6,4,3,100,TRUE,TRUE,89,86,2
Bad,54,162,7,87,24,1,0,85,7,6,5,26,1,31,0,2,2,65,70,9,3,3,80,TRUE,TRUE,92,160,4
Good,88,218,54,162,9,0,0,100,122,7,7,9,0,44,2,1,1,30,,3,1,1,50,FALSE,FALSE,100,41,0
Good,73,152,11,75,6,2,0,63,32,7,5,8,1,13,0,0,0,0,,0,1,1,33,TRUE,FALSE,75,52,3
Bad,79,21,1,11,1,0,0,100,122,7,7,2,1,50,0,0,0,0,,0,1,1,50,FALSE,FALSE,50,91,0
Bad,74,202,23,68,27,0,0,93,7,6,6,27,0,30,0,0,0,16,48,3,3,0,46,TRUE,TRUE,100,133,2
Bad,63,282,2,70,24,1,1,88,5,6,2,60,2,42,0,1,1,52,92,4,3,1,70,TRUE,TRUE,40,212,8
Bad,65,148,1,65,16,0,0,100,122,7,7,17,1,29,4,1,1,79,69,7,5,6,92,FALSE,FALSE,94,114,0
Bad,59,216,7,72,32,0,0,91,4,6,6,33,3,9,0,1,1,37,82,9,2,4,58,TRUE,TRUE,97,152,3
Bad,58,132,13,61,11,3,1,71,2,6,4,14,0,29,36,1,1,57,,3,1,1,83,TRUE,TRUE,79,105,5
Bad,65,194,15,95,19,0,0,95,4,6,6,20,0,50,0,4,4,51,,4,1,2,83,TRUE,TRUE,95,103,1
Good,82,180,7,86,22,0,0,100,122,7,7,22,1,50,5,0,0,5,42,3,4,0,78,FALSE,FALSE,100,122,0
Bad,77,117,3,55,18,0,0,89,12,7,6,19,1,53,0,3,3,29,65,3,4,0,88,TRUE,FALSE,95,161,3
Good,78,174,3,73,28,0,0,100,122,7,7,28,2,29,13,0,0,20,94,4,3,1,44,FALSE,FALSE,100,160,0
Bad,59,30,2,15,10,0,0,100,122,7,7,12,1,25,0,3,3,62,32,6,2,3,89,FALSE,FALSE,83,387,0
Bad,83,465,14,138,24,0,0,100,122,7,7,26,0,38,22,0,0,26,,3,2,0,43,FALSE,FALSE,92,56,0
Good,86,279,9,115,16,0,0,94,59,7,6,16,1,13,0,3,3,5,,1,2,0,20,TRUE,FALSE,100,57,1
Good,76,404,7,125,27,1,0,97,69,7,5,29,2,10,4,1,1,11,,5,1,2,50,TRUE,FALSE,93,72,1
Good,87,112,5,67,22,0,0,100,122,7,7,22,2,55,5,0,0,3,92,1,3,0,44,FALSE,FALSE,100,195,0
Bad,82,161,4,60,41,0,0,100,122,7,7,44,4,23,0,4,4,2,,3,1,1,29,FALSE,FALSE,93,272,0
Good,75,194,18,89,12,0,0,100,122,7,7,12,0,17,3,2,2,87,61,1,2,1,100,FALSE,FALSE,100,62,0
Bad,56,165,1,71,1,6,5,75,34,7,5,9,2,50,0,3,3,0,,0,1,0,67,TRUE,FALSE,11,54,3
Good,73,161,17,85,33,0,0,100,122,7,7,36,0,22,0,3,2,60,,4,2,1,67,FALSE,FALSE,92,222,0
Bad,70,66,5,32,32,0,0,100,122,7,7,33,5,6,36,1,1,14,,10,2,1,39,FALSE,FALSE,97,493,0
Good,91,292,26,104,6,0,0,100,122,7,7,6,0,33,1,0,0,1,,2,1,0,60,FALSE,FALSE,100,20,0
Good,76,219,26,75,17,0,0,100,122,7,7,17,0,35,11,1,0,59,32,3,2,2,71,FALSE,FALSE,100,77,0
Good,69,108,7,60,30,0,0,100,122,7,7,30,1,30,0,1,1,71,68,7,4,4,100,FALSE,FALSE,100,275,0
Bad,67,325,13,106,12,0,0,62,1,6,6,33,0,38,36,0,0,92,14,2,2,1,80,TRUE,TRUE,36,101,13
Bad,61,174,1,61,25,0,0,88,10,6,6,26,3,12,36,0,0,41,21,6,2,1,57,TRUE,TRUE,96,149,4
Good,83,347,7,137,24,0,0,100,122,7,7,28,1,21,4,2,2,4,,3,2,0,56,FALSE,FALSE,86,80,0
Bad,70,127,25,57,23,0,0,96,62,7,6,24,0,13,0,0,0,51,,9,2,1,67,TRUE,FALSE,96,188,1
Bad,50,144,7,74,36,3,2,86,1,2,2,42,1,52,0,0,0,92,45,7,4,2,92,TRUE,TRUE,86,290,6
Bad,73,94,3,49,21,0,0,95,57,7,6,22,2,36,0,2,2,42,47,3,2,1,56,TRUE,FALSE,95,232,2
Good,65,292,4,62,42,1,0,96,1,5,5,45,4,31,0,3,3,11,89,3,4,0,35,TRUE,TRUE,93,154,2
Bad,56,349,2,83,35,0,0,89,21,7,6,38,7,39,0,3,3,74,83,11,5,6,85,TRUE,FALSE,92,109,5
Good,72,184,26,99,26,1,0,96,11,6,5,30,0,56,22,0,0,0,85,0,2,0,50,TRUE,TRUE,87,162,2
Good,83,282,1,92,37,0,0,100,122,7,7,38,2,11,1,1,1,1,67,10,1,0,44,FALSE,FALSE,97,134,0
Bad,68,89,9,40,10,2,2,91,81,7,2,11,1,45,0,0,0,48,86,3,4,1,88,TRUE,FALSE,91,122,1
Bad,65,69,53,63,2,2,2,67,28,7,2,3,0,67,0,6,6,4,,1,2,0,100,TRUE,FALSE,67,43,1
Bad,64,128,1,59,32,0,0,94,4,6,6,35,2,12,36,2,2,19,42,3,1,1,31,TRUE,TRUE,91,271,3
Bad,57,140,13,67,8,4,4,80,26,7,4,10,0,50,3,1,1,93,71,1,2,1,100,TRUE,FALSE,80,71,2
Good,72,242,33,115,11,3,0,71,19,7,5,14,0,43,9,0,0,52,,3,1,1,100,TRUE,FALSE,79,58,5
Bad,84,204,3,91,22,0,0,100,122,7,7,22,1,32,0,2,2,70,85,3,3,2,55,FALSE,FALSE,100,107,0
Good,76,109,10,50,14,0,0,100,122,7,7,14,3,71,0,2,2,0,93,0,2,1,40,FALSE,FALSE,100,127,0
Good,76,163,15,66,47,0,0,100,122,7,7,47,0,21,0,4,4,9,82,5,6,1,58,FALSE,FALSE,100,287,0
Good,81,199,4,94,36,0,0,100,122,7,7,36,2,53,0,4,4,9,11,2,7,0,50,FALSE,FALSE,100,180,0
Good,67,220,7,61,30,0,0,97,32,7,6,30,5,53,1,4,4,50,70,6,9,2,88,TRUE,FALSE,100,136,1
Good,81,391,11,102,22,0,0,100,122,7,7,34,1,9,11,0,0,20,,5,1,1,60,FALSE,FALSE,65,87,0
Good,86,318,18,90,13,0,0,100,122,7,7,13,0,62,0,0,0,0,44,0,2,1,50,FALSE,FALSE,100,41,0
Good,88,530,5,182,17,0,0,100,122,7,7,17,2,24,0,0,0,3,81,5,2,0,64,FALSE,FALSE,100,32,0
Bad,74,173,13,68,20,0,0,95,10,6,6,20,0,50,0,0,0,33,47,2,6,0,80,TRUE,TRUE,100,115,1
Good,59,28,2,13,6,0,0,100,122,7,7,7,4,43,0,0,0,98,77,3,3,3,100,FALSE,FALSE,86,241,0
Bad,68,117,8,60,31,0,0,100,122,7,7,31,1,42,0,2,2,68,76,6,7,1,100,FALSE,FALSE,100,263,0
Bad,56,256,5,88,38,0,0,79,4,6,6,39,2,23,0,2,2,25,67,11,5,3,59,TRUE,TRUE,97,152,9
Good,68,165,6,71,21,1,0,65,22,7,5,23,3,65,0,0,0,11,85,1,3,0,57,TRUE,FALSE,91,139,9
Bad,65,293,11,142,20,1,0,38,2,6,5,24,1,50,3,13,13,9,32,4,4,2,62,TRUE,TRUE,83,82,15
Good,85,375,15,106,28,0,0,100,122,7,7,28,0,21,16,0,0,9,,3,1,0,36,FALSE,FALSE,100,74,0
Bad,76,422,5,128,35,2,0,89,9,5,5,37,2,3,0,1,1,4,,4,1,0,20,TRUE,TRUE,95,87,5
Good,87,230,6,96,27,0,0,100,122,7,7,28,3,11,15,0,0,2,,3,1,0,24,FALSE,FALSE,96,121,0
Bad,63,181,31,86,13,1,1,93,35,7,6,14,0,21,36,2,2,83,40,6,1,2,88,TRUE,FALSE,93,77,1
Good,86,177,1,73,25,0,0,100,122,7,7,33,2,30,3,1,1,2,,3,1,0,40,FALSE,FALSE,76,185,0
Good,82,252,51,191,13,0,0,77,21,7,6,13,0,8,36,0,0,4,,1,1,0,38,TRUE,FALSE,100,51,3
Good,78,313,4,80,24,0,0,100,122,7,7,24,2,42,0,0,0,25,62,5,2,2,58,FALSE,FALSE,100,76,0
Good,68,104,4,45,42,1,1,98,21,7,2,43,4,42,11,0,0,38,53,10,6,2,73,TRUE,FALSE,98,410,1
Bad,-9,85,28,179,3,5,5,50,15,7,4,4,0,0,2,3,3,30,,3,2,1,67,TRUE,FALSE,75,47,2
Bad,61,175,15,74,11,1,1,82,10,6,6,13,0,27,36,1,0,71,77,3,1,2,80,TRUE,TRUE,85,74,3
Good,60,106,2,61,25,0,0,93,41,7,6,27,1,22,0,0,0,88,100,13,1,5,93,TRUE,FALSE,93,252,2
Good,87,244,22,94,20,0,0,100,122,7,7,24,0,25,6,0,0,0,,0,1,0,11,FALSE,FALSE,83,98,0
Bad,65,125,5,54,28,1,1,90,6,6,4,31,2,58,0,0,0,51,62,4,5,1,75,TRUE,TRUE,90,246,4
Good,49,259,21,119,7,2,0,67,1,5,5,9,0,11,11,0,0,89,25,5,1,2,86,TRUE,TRUE,78,35,3
Good,79,112,2,52,39,0,0,100,122,7,7,77,3,12,1,2,2,22,51,4,2,1,55,FALSE,FALSE,51,681,0
Good,76,167,16,81,23,0,0,100,122,7,7,24,0,17,36,0,0,35,70,4,2,2,67,FALSE,FALSE,96,143,0
Bad,66,139,2,75,15,0,0,94,64,7,6,18,1,33,0,1,1,69,,8,1,1,100,TRUE,FALSE,83,129,2
Good,85,216,6,66,20,0,0,100,122,7,7,20,2,45,2,1,1,4,75,3,2,1,45,FALSE,FALSE,100,92,0
Bad,62,150,13,80,21,1,1,87,8,2,6,23,0,30,14,0,0,40,,7,1,0,100,TRUE,TRUE,91,152,3
Bad,58,265,3,79,25,2,1,93,13,2,5,28,2,48,0,1,1,63,50,8,2,0,91,TRUE,TRUE,89,105,2
Bad,61,132,1,71,12,2,0,81,71,7,5,16,3,31,0,5,5,86,,7,1,3,80,TRUE,FALSE,75,120,4
Good,79,125,20,64,11,0,0,100,122,7,7,12,0,33,0,1,1,22,,3,1,0,80,FALSE,FALSE,92,95,0
Bad,67,262,26,128,6,0,0,50,1,6,6,6,0,33,0,0,0,47,,1,1,0,67,TRUE,TRUE,100,23,3
Good,91,336,20,122,17,0,0,100,122,7,7,17,0,18,36,0,0,2,,2,1,0,27,FALSE,FALSE,100,50,0
Bad,81,156,8,71,23,0,0,96,18,7,6,24,2,67,3,1,1,11,91,2,2,1,67,TRUE,FALSE,96,153,1
Bad,74,66,6,36,10,0,0,100,122,7,7,10,1,40,0,3,0,41,94,2,1,1,75,FALSE,FALSE,100,149,0
Bad,82,299,1,112,12,0,0,100,122,7,7,13,3,8,0,1,1,34,,4,1,1,45,FALSE,FALSE,92,43,0
Good,83,140,4,75,27,0,0,100,122,7,7,29,4,52,0,3,2,12,100,2,3,0,71,FALSE,FALSE,93,206,0
Good,87,205,20,102,14,0,0,100,122,7,7,18,0,56,36,0,0,5,74,2,2,0,67,FALSE,FALSE,78,87,0
Good,77,215,3,80,17,0,0,89,22,7,6,18,2,11,0,4,4,2,,3,1,0,33,TRUE,FALSE,94,83,2
Good,87,181,67,217,4,0,0,100,122,7,7,4,0,25,36,0,0,33,,3,1,0,100,FALSE,FALSE,100,22,0
Good,69,194,4,63,41,0,0,95,15,7,6,41,5,29,0,2,2,0,99,3,4,0,35,TRUE,FALSE,100,210,3
Good,70,206,5,67,27,0,0,96,1,6,6,45,2,33,2,3,3,11,61,3,2,0,42,TRUE,TRUE,60,217,2
Bad,66,119,1,47,14,0,0,100,122,7,7,16,6,38,0,3,3,74,100,5,1,2,86,FALSE,FALSE,88,133,0
Good,69,187,5,53,24,0,0,100,122,7,7,24,4,33,14,0,0,51,98,6,3,3,60,FALSE,FALSE,100,128,0
Good,84,188,12,78,30,0,0,100,122,7,7,30,0,21,2,1,1,0,,1,2,1,75,FALSE,FALSE,100,159,0
Bad,67,134,13,61,17,0,0,94,20,7,6,17,0,35,0,1,1,22,70,4,5,2,82,TRUE,FALSE,100,126,2
Good,91,296,49,163,14,0,0,100,122,7,7,15,0,20,1,0,0,2,,1,2,0,17,FALSE,FALSE,93,51,0
Good,90,501,10,161,11,0,0,100,122,7,7,11,1,27,1,0,0,9,,1,1,0,25,FALSE,FALSE,100,22,0
Bad,82,177,5,54,25,0,0,96,62,7,6,26,4,42,0,1,1,9,77,4,2,0,75,TRUE,FALSE,96,146,2
Bad,70,65,3,28,8,0,0,100,122,7,7,8,2,13,1,2,2,33,,5,1,2,75,FALSE,FALSE,100,121,0
Bad,72,173,4,75,26,0,0,96,19,7,6,26,1,30,19,0,0,42,,3,2,1,38,TRUE,FALSE,100,149,2
Bad,67,269,10,65,22,0,0,79,3,6,6,24,1,33,36,0,0,21,70,4,3,0,58,TRUE,TRUE,92,89,6
Good,81,194,11,91,17,0,0,100,122,7,7,17,1,41,3,2,2,79,50,1,1,1,100,FALSE,FALSE,100,87,0
Bad,60,28,6,19,9,0,0,100,122,7,7,10,3,20,0,2,2,58,,3,1,1,100,FALSE,FALSE,90,345,0
Good,77,225,9,88,44,0,0,98,23,7,6,58,3,21,10,0,0,22,,10,1,0,65,TRUE,FALSE,76,257,2
Bad,70,162,5,82,15,0,0,100,122,7,7,20,2,45,36,3,3,60,76,5,1,2,67,FALSE,FALSE,75,123,0
Bad,52,158,4,39,25,0,0,88,11,6,6,26,9,50,0,7,6,82,89,7,4,2,92,TRUE,TRUE,96,164,4
Bad,75,223,2,94,25,0,0,96,9,6,6,26,2,50,36,0,0,27,74,6,8,0,78,TRUE,TRUE,96,116,2
Bad,61,174,7,65,12,0,0,92,36,7,6,13,2,23,0,4,4,88,,5,1,5,86,TRUE,FALSE,92,74,2
Bad,86,70,9,39,10,0,0,100,122,7,7,10,1,10,0,0,0,0,,1,1,0,22,FALSE,FALSE,100,141,0
Good,57,128,4,61,29,3,2,78,1,2,2,32,4,22,0,0,0,17,76,8,5,0,65,TRUE,TRUE,91,248,8
Bad,67,89,2,41,19,0,0,100,122,7,7,21,5,71,0,4,4,83,91,4,5,2,100,FALSE,FALSE,90,233,0
Good,63,363,13,138,21,0,0,88,1,6,6,24,0,25,0,0,0,52,53,7,1,3,73,TRUE,TRUE,88,66,3
Good,71,410,4,53,19,0,0,84,22,7,6,23,2,42,36,2,2,40,38,4,4,0,75,TRUE,FALSE,83,56,4
Good,88,227,5,91,13,0,0,100,122,7,7,13,1,15,4,1,1,1,,1,2,0,25,FALSE,FALSE,100,57,0
Good,75,229,15,92,25,0,0,100,122,7,7,25,0,8,14,1,0,67,,4,1,2,71,FALSE,FALSE,100,109,0
Bad,55,590,2,185,29,1,0,90,7,6,5,31,4,19,0,1,1,55,,10,2,3,69,TRUE,TRUE,94,52,4
Good,77,337,22,70,13,0,0,92,14,7,6,14,0,54,9,0,0,0,,1,2,1,75,TRUE,FALSE,93,41,2
Bad,64,85,0,13,2,0,0,100,122,7,7,9,8,33,0,66,66,65,,2,3,1,71,FALSE,FALSE,22,105,0
Bad,65,266,2,96,25,3,3,89,10,6,6,31,4,57,0,0,0,27,95,8,4,1,87,TRUE,TRUE,81,116,4
Bad,72,56,7,34,8,0,0,88,32,7,6,8,1,38,0,2,1,8,,2,1,1,100,TRUE,FALSE,100,140,1
Bad,65,265,11,64,16,0,0,88,37,7,6,17,1,24,0,1,1,76,,8,1,2,100,TRUE,FALSE,94,64,3
Bad,67,25,0,9,3,0,0,100,122,7,7,5,3,60,0,2,2,44,81,1,2,0,75,FALSE,FALSE,60,192,0
Good,74,283,17,75,10,2,1,92,38,7,5,13,0,77,2,2,2,49,,3,2,0,100,TRUE,FALSE,77,46,2
Good,85,182,13,74,10,0,0,100,122,7,7,10,0,50,18,0,0,12,34,4,2,0,86,FALSE,FALSE,100,55,0
Good,61,274,7,103,27,0,0,79,2,6,6,29,1,17,0,0,0,33,47,11,2,3,76,TRUE,TRUE,93,105,7
Good,85,192,5,92,24,0,0,100,122,7,7,26,2,46,5,1,1,2,91,4,2,0,67,FALSE,FALSE,92,135,0
Bad,74,68,4,36,15,0,0,100,122,7,7,15,3,47,0,0,0,86,94,1,2,1,75,FALSE,FALSE,100,217,0
Bad,55,286,3,14,10,0,0,90,10,6,6,20,2,20,0,2,2,70,69,4,2,1,75,TRUE,TRUE,50,70,2
Good,66,221,9,85,32,1,1,94,43,7,2,33,2,30,1,2,2,58,25,14,3,6,94,TRUE,FALSE,97,149,2
Bad,71,250,3,72,12,3,3,73,63,7,3,15,2,47,0,2,2,29,73,2,3,0,83,TRUE,FALSE,80,60,5
Good,83,302,10,99,28,0,0,100,122,7,7,28,1,18,36,0,0,12,79,3,2,1,50,FALSE,FALSE,100,92,0
Bad,61,66,5,39,16,1,1,90,23,7,6,21,1,75,0,1,1,101,79,3,4,1,100,TRUE,FALSE,76,313,3
Bad,67,117,3,47,13,1,0,86,17,7,5,14,3,36,0,2,2,29,,3,1,0,67,TRUE,FALSE,93,119,2
Good,77,68,11,31,7,0,0,100,122,7,7,7,2,14,0,4,3,0,,0,2,0,0,FALSE,FALSE,100,101,0
Bad,57,255,7,91,34,0,0,94,1,6,6,35,4,31,5,0,0,65,82,16,2,2,90,TRUE,TRUE,97,137,3
Good,77,85,7,42,13,0,0,92,59,7,6,13,4,15,1,3,3,8,98,4,2,0,67,TRUE,FALSE,100,151,2
Bad,59,207,12,56,15,0,0,81,4,6,6,16,0,69,0,1,1,32,79,2,2,1,80,TRUE,TRUE,94,77,4
Good,84,233,37,123,19,1,1,90,20,7,4,52,0,20,6,0,0,1,,3,1,0,40,TRUE,FALSE,37,222,6
Bad,68,113,9,45,33,0,0,100,122,7,7,34,3,9,0,0,0,34,71,10,2,2,57,FALSE,FALSE,97,298,0
Good,72,133,10,63,17,0,0,100,122,7,7,17,1,24,0,2,2,52,,3,1,2,83,FALSE,FALSE,100,127,0
Good,68,205,27,104,40,3,1,89,12,7,4,46,0,70,1,0,0,55,84,3,5,1,90,TRUE,FALSE,87,223,6
Bad,61,108,1,64,3,0,0,67,79,7,6,8,2,50,0,4,4,81,81,1,1,1,75,TRUE,FALSE,38,73,3
Good,77,145,3,66,20,0,0,95,61,7,6,25,2,35,36,0,0,22,66,4,3,0,70,TRUE,FALSE,80,171,2
Good,62,189,31,80,8,3,2,36,32,7,3,11,0,27,0,2,2,57,,3,1,0,80,TRUE,FALSE,73,58,8
Bad,68,143,1,52,35,0,0,94,1,6,6,36,4,19,0,0,0,7,100,5,3,0,53,TRUE,TRUE,97,250,3
Bad,62,153,20,40,5,0,0,20,7,6,6,12,0,100,36,0,0,30,75,3,2,1,100,TRUE,TRUE,42,78,10
Bad,57,331,11,117,16,0,0,82,2,6,6,17,1,53,0,0,0,60,41,6,2,3,100,TRUE,TRUE,94,51,4
Good,81,177,4,52,25,0,0,96,27,7,6,26,1,23,3,3,3,14,77,4,3,0,62,TRUE,FALSE,96,146,2
Good,75,356,15,122,20,1,0,82,8,7,5,22,0,18,18,0,0,23,,5,1,0,60,TRUE,FALSE,91,62,4
Bad,64,185,8,96,31,2,0,88,17,7,5,33,1,21,16,0,0,73,92,8,3,6,73,TRUE,FALSE,94,177,4
Bad,73,321,23,59,21,0,0,100,122,7,7,41,0,29,1,4,4,63,64,5,4,2,77,FALSE,FALSE,51,127,0
Bad,71,174,8,79,22,1,1,87,25,7,3,23,2,35,2,3,1,31,,4,3,2,64,TRUE,FALSE,96,131,3
Good,73,424,3,78,36,0,0,100,122,7,7,40,5,20,3,1,1,13,,6,1,1,44,FALSE,FALSE,90,94,0
Bad,63,163,3,25,24,0,0,100,122,7,7,31,5,59,36,1,1,101,90,6,6,4,100,FALSE,FALSE,77,189,0
Good,68,298,4,86,19,4,4,89,53,7,6,22,2,47,5,1,1,6,85,2,3,0,63,TRUE,FALSE,86,74,3
Bad,68,130,5,72,16,1,0,89,5,5,5,21,1,47,36,1,1,35,,3,2,0,43,TRUE,TRUE,76,160,3
Bad,57,192,13,71,26,0,0,89,8,6,6,37,0,59,36,2,2,60,49,7,4,2,100,TRUE,TRUE,70,192,5
Bad,90,121,25,87,8,0,0,100,122,7,7,8,0,13,0,1,1,8,,2,1,0,43,FALSE,FALSE,100,66,0
Good,80,344,4,92,35,0,0,94,59,7,6,38,3,26,10,0,0,17,86,5,2,0,39,TRUE,FALSE,92,110,3
Bad,57,260,10,136,9,3,3,82,2,2,2,11,1,18,0,1,1,34,,1,1,0,50,TRUE,TRUE,82,42,2
Good,87,195,70,207,20,0,0,100,122,7,7,21,0,29,36,0,0,11,,2,2,0,50,FALSE,FALSE,95,107,0
Bad,58,139,16,87,14,1,0,75,2,5,5,16,0,50,0,2,2,84,,7,1,1,100,TRUE,TRUE,88,114,4
Bad,63,282,2,106,19,5,4,80,23,7,4,26,1,44,0,0,0,12,,1,1,0,67,TRUE,FALSE,73,92,6
Good,86,173,7,89,18,0,0,100,122,7,7,18,1,33,6,0,0,1,19,2,2,0,36,FALSE,FALSE,100,103,0
Bad,60,104,26,45,3,2,1,50,3,6,2,8,0,50,0,2,2,29,39,1,2,0,100,TRUE,TRUE,38,76,4
Bad,64,164,8,71,25,1,0,92,7,6,6,26,3,38,0,3,3,58,84,3,3,0,67,TRUE,TRUE,96,158,3
Bad,76,88,2,25,11,0,0,100,122,7,7,13,7,54,36,3,3,0,88,0,4,0,40,FALSE,FALSE,85,146,0
Bad,61,177,3,101,27,0,0,76,1,6,6,29,2,21,0,0,0,19,,7,1,1,62,TRUE,TRUE,93,163,7
Good,85,207,3,63,21,0,0,100,122,7,7,21,1,29,4,1,1,9,70,3,2,0,45,FALSE,FALSE,100,101,0
Bad,66,150,14,80,17,3,1,67,43,7,5,24,0,63,0,0,0,30,61,3,2,1,100,TRUE,FALSE,71,159,8
Bad,84,307,0,86,18,0,0,95,75,7,6,19,4,21,36,1,0,7,5,4,2,0,43,TRUE,FALSE,95,62,1
Bad,61,93,14,50,7,1,0,63,18,7,5,8,0,50,36,1,1,93,,2,1,2,75,TRUE,FALSE,88,85,3
Good,89,450,5,122,17,0,0,100,122,7,7,19,1,21,4,1,1,4,,3,2,0,75,FALSE,FALSE,89,42,0
Good,82,187,11,82,28,0,0,96,32,7,6,28,1,50,4,2,2,4,59,3,2,0,56,TRUE,FALSE,100,149,2
Good,73,112,8,50,22,0,0,100,122,7,7,25,1,29,0,0,0,39,,7,2,1,64,FALSE,FALSE,88,221,0
Bad,61,125,12,48,30,0,0,97,38,7,6,30,0,43,0,3,3,47,68,5,4,2,69,TRUE,FALSE,100,238,1
Good,88,286,4,57,6,0,0,100,122,7,7,14,1,33,3,2,2,14,,1,2,0,33,FALSE,FALSE,43,49,0
Bad,54,35,14,22,6,1,1,83,6,2,6,6,0,67,36,2,2,79,86,1,3,1,100,TRUE,TRUE,100,167,2
Good,68,54,4,29,5,0,0,100,122,7,7,5,2,60,0,0,0,95,69,1,2,1,100,FALSE,FALSE,100,91,0
Bad,68,198,8,96,37,0,0,97,18,7,6,37,2,27,0,8,8,54,65,6,3,2,56,TRUE,FALSE,100,186,2
Good,79,120,2,46,22,0,0,100,122,7,7,23,5,22,2,3,3,6,90,1,2,0,50,FALSE,FALSE,96,190,0
Good,82,165,3,61,50,0,0,100,122,7,7,51,4,47,36,3,2,18,62,3,9,0,75,FALSE,FALSE,98,307,0
Good,81,188,3,75,47,0,0,100,122,7,7,48,2,17,1,1,1,2,,4,1,0,36,FALSE,FALSE,98,254,0
Good,77,191,3,91,16,1,1,94,9,3,3,17,2,35,12,0,0,9,94,2,2,0,44,TRUE,TRUE,94,89,2
Bad,60,77,20,45,8,1,0,80,4,6,5,10,0,90,0,2,2,41,75,1,3,0,100,TRUE,TRUE,80,128,2
Good,78,281,1,75,33,0,0,100,122,7,7,36,5,33,2,5,5,24,95,4,3,1,64,FALSE,FALSE,92,128,0
Good,69,127,4,59,35,2,1,95,26,7,3,38,4,37,4,2,2,42,87,6,3,2,75,TRUE,FALSE,92,297,2
Bad,62,104,1,53,28,0,0,93,2,6,6,30,5,60,0,6,6,10,77,4,4,2,73,TRUE,TRUE,93,286,3
Good,85,515,6,139,15,0,0,100,122,7,7,15,1,47,0,0,0,28,,3,1,0,67,FALSE,FALSE,100,29,0
Bad,66,160,5,60,13,2,2,81,51,7,2,16,3,44,0,3,3,56,,3,2,1,71,TRUE,FALSE,81,99,4
Good,79,168,7,81,16,0,0,100,122,7,7,18,1,44,4,1,1,0,46,1,2,1,57,FALSE,FALSE,89,107,0
Bad,69,147,2,50,26,1,0,93,10,6,5,28,3,36,0,0,0,6,86,3,2,1,36,TRUE,TRUE,93,189,2
Bad,58,254,9,142,31,2,2,82,25,7,6,33,1,67,0,5,5,61,33,2,4,1,88,TRUE,FALSE,94,129,6
Bad,61,57,2,37,10,2,1,83,10,6,5,13,1,33,0,0,0,22,45,3,2,0,71,TRUE,TRUE,77,224,3
Good,74,178,3,54,24,0,0,100,122,7,7,25,6,28,2,1,1,21,,3,1,1,44,FALSE,FALSE,96,140,0
Bad,66,175,2,39,15,0,0,84,2,6,6,19,5,21,0,3,3,9,45,5,3,0,57,TRUE,TRUE,79,108,4
Bad,59,139,6,56,15,0,0,93,3,6,6,15,1,53,0,1,1,80,46,5,2,2,100,TRUE,TRUE,100,107,2
Good,81,339,3,108,23,0,0,100,122,7,7,24,2,46,0,0,0,33,63,4,4,1,80,FALSE,FALSE,96,71,0
Bad,74,168,2,85,23,0,0,96,13,7,6,24,3,17,0,0,0,40,95,7,2,0,64,TRUE,FALSE,96,142,1
Bad,71,149,3,63,27,0,0,96,62,7,6,28,2,36,0,1,1,41,97,7,1,2,73,TRUE,FALSE,96,187,2
Bad,57,159,3,63,23,2,0,80,9,6,5,25,3,64,3,3,3,44,90,5,1,1,86,TRUE,TRUE,92,156,5
Bad,87,195,12,115,18,0,0,100,122,7,7,18,0,50,0,0,0,21,17,3,2,0,63,FALSE,FALSE,100,92,0
Bad,58,295,5,12,9,0,0,89,2,6,6,18,6,11,36,0,0,29,,7,1,0,89,TRUE,TRUE,50,61,2
Bad,62,90,2,49,17,0,0,100,122,7,7,19,3,11,1,4,4,97,,9,1,4,100,FALSE,FALSE,89,209,0
Good,62,197,7,60,43,0,0,100,122,7,7,54,1,44,36,1,1,103,70,14,11,4,100,FALSE,FALSE,80,273,0
Good,77,164,3,56,36,0,0,97,31,7,6,36,4,22,36,2,2,3,81,3,3,0,40,TRUE,FALSE,100,218,2
Good,80,178,4,65,36,0,0,100,122,7,7,38,3,42,0,0,0,34,,4,2,0,86,FALSE,FALSE,95,212,0
Good,64,241,2,92,39,0,0,100,122,7,7,50,1,33,0,5,5,68,66,10,1,4,65,FALSE,FALSE,78,207,0
Bad,58,272,6,52,21,1,0,95,55,7,5,22,6,32,1,8,8,76,73,8,3,3,86,TRUE,FALSE,95,81,2
Bad,69,133,13,58,34,0,0,100,122,7,7,36,0,22,0,4,4,36,77,5,4,2,45,FALSE,FALSE,94,269,0
Bad,54,141,8,54,15,2,0,71,2,5,5,17,2,41,36,0,0,49,86,3,3,2,75,TRUE,TRUE,88,120,5
Good,74,213,4,62,28,0,0,100,122,7,7,28,1,18,0,0,0,37,,5,1,0,60,FALSE,FALSE,100,131,0
Good,79,345,6,56,27,0,0,100,122,7,7,53,2,19,0,2,2,3,90,5,1,0,47,FALSE,FALSE,51,153,0
Bad,62,77,9,43,9,2,1,64,14,7,2,11,1,64,0,0,0,30,84,3,4,1,100,TRUE,FALSE,82,141,4
Good,76,348,7,119,29,0,0,100,122,7,7,29,1,28,0,0,0,33,89,10,2,1,65,FALSE,FALSE,100,83,0
Good,84,424,32,145,15,0,0,93,19,7,6,15,0,47,1,0,0,1,14,2,2,0,57,TRUE,FALSE,100,35,2
Bad,66,118,6,22,10,0,0,90,62,7,6,32,2,40,36,0,0,31,77,3,3,1,75,TRUE,FALSE,31,269,4
Bad,64,180,3,48,13,1,1,92,41,7,6,14,3,62,0,1,1,75,31,2,4,1,86,TRUE,FALSE,93,77,2
Bad,62,104,2,49,21,0,0,100,122,7,7,24,2,26,1,3,3,67,13,7,2,3,60,FALSE,FALSE,88,229,0
Good,74,165,6,67,16,1,0,82,10,6,5,17,3,12,0,0,0,2,50,2,2,0,67,TRUE,TRUE,94,102,4
Bad,76,42,18,27,7,0,0,100,122,7,7,7,0,71,0,1,1,30,,1,3,0,80,FALSE,FALSE,100,163,0
Good,78,185,2,86,16,0,0,100,122,7,7,18,2,29,2,6,6,40,,3,2,1,75,FALSE,FALSE,89,97,0
Bad,66,181,6,59,31,0,0,100,122,7,7,31,3,35,36,0,0,60,70,5,4,2,82,FALSE,FALSE,100,170,0
Bad,71,322,5,81,42,0,0,98,65,7,6,42,5,19,0,4,4,14,77,11,4,3,50,TRUE,FALSE,100,130,1
Bad,65,188,6,112,14,0,0,87,2,6,6,15,1,53,36,0,0,91,78,2,2,1,100,TRUE,TRUE,93,79,2
Bad,65,305,4,74,18,6,6,60,12,7,2,25,2,48,0,1,1,8,98,1,2,0,60,TRUE,FALSE,72,82,10
Bad,56,237,6,108,16,0,0,69,1,6,6,17,1,13,36,1,1,93,,4,1,3,83,TRUE,TRUE,94,71,6
Good,64,240,4,83,33,0,0,94,48,7,6,37,1,58,36,1,1,62,80,6,4,2,77,TRUE,FALSE,89,154,3
Bad,66,161,15,65,26,1,0,81,8,6,5,31,0,44,4,3,3,21,79,4,4,0,73,TRUE,TRUE,84,191,6
Bad,70,150,11,83,31,0,0,97,62,7,6,31,1,77,36,0,0,79,53,2,3,2,83,TRUE,FALSE,100,205,1
Good,91,166,35,121,10,0,0,100,122,7,7,10,0,40,1,0,0,10,38,1,3,0,67,FALSE,FALSE,100,60,0
Good,64,132,3,49,30,0,0,100,122,7,7,39,3,57,0,4,4,65,75,10,2,2,86,FALSE,FALSE,77,293,0
Good,91,273,27,145,10,0,0,100,122,7,7,10,0,20,3,1,1,2,,1,1,0,40,FALSE,FALSE,100,36,0
Good,83,139,2,67,26,0,0,100,122,7,7,30,2,23,36,1,1,9,13,2,2,0,45,FALSE,FALSE,87,214,0
Good,91,356,42,143,9,0,0,100,122,7,7,9,0,22,0,0,0,7,,1,1,0,40,FALSE,FALSE,100,25,0
Bad,63,37,14,60,16,1,1,94,32,2,6,21,0,13,36,2,2,57,80,7,2,2,82,TRUE,TRUE,76,553,2
Bad,82,129,5,58,13,0,0,100,122,7,7,14,3,57,0,1,1,32,75,3,4,1,88,FALSE,FALSE,93,108,0
Bad,74,127,7,80,31,0,0,98,56,7,6,46,3,57,36,1,1,29,88,4,3,0,78,TRUE,FALSE,67,359,1
Good,77,265,4,105,50,1,1,98,61,7,3,58,1,38,12,0,0,15,64,8,4,2,59,TRUE,FALSE,86,218,2
Good,82,298,19,111,24,0,0,100,122,7,7,24,0,38,19,0,0,25,22,3,2,0,63,FALSE,FALSE,100,80,0
Good,72,106,2,34,15,0,0,100,122,7,7,16,4,25,0,1,1,21,73,4,3,0,58,FALSE,FALSE,94,150,0
Bad,68,141,1,62,26,1,1,93,15,7,2,28,1,11,0,2,0,39,1,5,2,1,50,TRUE,FALSE,93,197,2
Good,85,147,7,75,36,0,0,97,39,7,6,42,1,22,0,1,1,0,,1,1,0,17,TRUE,FALSE,86,284,2
Good,81,158,7,78,14,0,0,100,122,7,7,15,2,21,7,0,0,15,83,2,3,0,63,FALSE,FALSE,93,94,0
Good,81,158,9,64,32,0,0,100,122,7,7,32,2,50,36,2,2,14,,2,2,0,17,FALSE,FALSE,100,201,0
Bad,70,113,13,21,9,0,0,100,122,7,7,14,0,11,0,2,2,20,,3,1,1,50,FALSE,FALSE,64,123,0
Bad,70,185,11,75,36,0,0,97,72,7,6,37,1,41,1,3,3,67,60,12,5,5,85,TRUE,FALSE,97,199,2
Bad,75,44,8,24,8,0,0,100,122,7,7,9,2,56,0,0,0,49,72,3,2,0,83,FALSE,FALSE,89,200,0
Bad,68,230,5,94,23,0,0,88,12,7,6,24,3,54,2,1,1,40,64,4,6,1,79,TRUE,FALSE,96,104,3
Good,84,144,12,64,16,0,0,100,122,7,7,16,0,25,1,4,4,5,,1,1,0,67,FALSE,FALSE,100,110,0
Good,59,370,11,96,10,2,2,75,35,7,2,29,1,50,36,1,1,76,,2,1,1,100,TRUE,FALSE,34,78,8
Good,75,258,28,97,23,0,0,96,62,7,6,24,0,13,36,0,0,31,,4,2,0,57,TRUE,FALSE,96,93,1
Good,78,238,18,106,30,0,0,93,55,7,6,30,0,27,0,1,1,13,73,2,4,0,58,TRUE,FALSE,100,126,3
Bad,72,252,1,47,14,0,0,94,39,7,6,16,6,31,0,2,2,49,71,3,3,0,78,TRUE,FALSE,88,63,1
Good,61,195,9,88,19,0,0,95,2,6,6,20,1,32,1,1,1,59,91,3,2,2,67,TRUE,TRUE,95,102,1
Bad,70,373,4,101,23,0,0,96,7,6,6,25,4,52,0,5,5,49,100,2,1,0,75,TRUE,TRUE,92,67,1
Bad,64,194,3,51,14,0,0,86,5,6,6,21,5,14,36,0,0,21,51,4,1,1,63,TRUE,TRUE,67,108,3
Good,70,156,5,58,3,0,0,100,122,7,7,3,1,33,1,2,2,95,88,1,1,1,100,FALSE,FALSE,100,19,0
Good,78,241,2,74,25,0,0,100,122,7,7,27,2,19,0,1,1,30,,3,1,0,31,FALSE,FALSE,93,112,0
Bad,54,126,3,26,9,1,1,90,1,6,6,11,2,36,3,2,2,44,76,4,2,1,86,TRUE,TRUE,82,87,2
Bad,56,213,3,71,18,2,0,70,1,5,5,20,4,10,0,1,1,9,,4,1,0,56,TRUE,TRUE,90,93,6
Bad,64,65,5,40,14,1,1,93,55,7,2,15,1,20,0,3,2,92,9,9,2,2,100,TRUE,FALSE,93,227,2
Bad,57,231,10,19,7,0,0,100,122,7,7,25,2,43,6,0,0,97,78,4,2,3,100,FALSE,FALSE,28,108,0
Bad,71,177,8,95,24,0,0,96,62,7,6,24,1,75,36,1,1,87,87,4,2,3,100,TRUE,FALSE,100,135,1
Good,86,139,112,126,2,0,0,100,122,7,7,2,0,0,36,0,0,12,,1,2,0,100,FALSE,FALSE,100,14,0
Good,65,209,8,56,41,1,1,98,2,2,2,47,4,38,36,0,0,0,69,3,6,0,43,TRUE,TRUE,87,224,1
Bad,73,236,5,74,24,0,0,92,9,6,6,29,2,46,15,0,0,44,88,4,3,1,54,TRUE,TRUE,83,122,3
Good,76,179,4,94,19,0,0,95,61,7,6,22,1,64,11,0,0,93,80,1,2,1,100,TRUE,FALSE,86,122,2
Good,71,271,7,99,25,1,0,92,56,7,5,26,3,31,7,0,0,81,90,3,3,2,64,TRUE,FALSE,96,96,3
Bad,77,51,4,29,19,0,0,100,122,7,7,22,1,32,1,2,2,0,95,2,3,0,64,FALSE,FALSE,86,423,0
Bad,66,398,4,77,48,0,0,94,1,6,6,49,5,16,0,2,2,14,56,11,2,1,52,TRUE,TRUE,98,123,3
Good,73,182,15,72,17,2,2,89,14,7,2,20,0,37,36,4,4,8,28,3,2,0,83,TRUE,FALSE,85,109,3
Good,61,264,6,74,34,0,0,89,1,6,6,35,3,49,1,1,1,21,71,5,4,0,64,TRUE,TRUE,97,132,4
Bad,74,455,4,194,20,0,0,95,43,7,6,20,2,25,6,0,0,43,96,7,3,1,71,TRUE,FALSE,100,44,1
Bad,60,82,14,38,19,0,0,95,12,7,6,20,0,35,16,0,0,68,,6,2,3,62,TRUE,FALSE,95,241,1
Good,66,203,2,64,21,1,0,83,4,6,5,23,2,26,2,1,1,14,,3,2,0,38,TRUE,TRUE,91,113,4
Bad,66,132,3,70,22,0,0,96,81,7,6,25,1,48,1,1,1,87,,3,1,3,100,TRUE,FALSE,88,188,1
Bad,65,45,7,27,5,0,0,80,27,7,6,6,1,60,36,3,3,94,90,1,2,1,100,TRUE,FALSE,83,130,2
Bad,58,191,6,92,51,0,0,87,9,6,6,53,1,26,0,3,3,60,58,14,2,3,85,TRUE,TRUE,96,276,7
Good,89,217,8,93,24,0,0,100,122,7,7,28,1,18,13,0,0,0,,3,1,0,44,FALSE,FALSE,86,128,0
Good,61,380,1,108,47,0,0,98,62,7,6,55,7,16,0,7,7,39,,11,4,5,53,TRUE,FALSE,85,144,2
Good,83,174,9,142,13,0,0,100,122,7,7,14,1,36,0,3,3,0,82,0,2,0,33,FALSE,FALSE,93,80,0
Bad,75,111,22,79,6,0,0,83,25,7,6,7,0,14,0,5,5,59,,2,2,0,100,TRUE,FALSE,86,62,2
Bad,-9,87,10,35,18,1,1,89,3,4,4,19,2,16,0,2,2,29,73,6,1,1,47,TRUE,TRUE,95,216,3
Bad,62,84,3,45,28,0,0,93,31,7,6,30,4,60,0,11,11,68,62,8,5,0,87,TRUE,FALSE,93,353,3
Bad,64,45,1,19,10,0,0,100,122,7,7,11,3,18,0,1,1,77,93,6,2,2,100,FALSE,FALSE,91,239,0
Bad,75,89,12,48,10,0,0,90,27,7,6,10,0,50,0,0,0,0,,0,1,1,50,TRUE,FALSE,100,111,1
Good,82,368,6,106,23,0,0,100,122,7,7,23,2,22,0,1,1,8,,3,1,1,36,FALSE,FALSE,100,62,0
Good,90,181,2,81,8,0,0,100,122,7,7,10,1,20,36,1,1,0,,0,1,0,20,FALSE,FALSE,80,55,0
Good,70,298,5,71,24,0,0,96,81,7,6,47,6,13,0,2,2,29,,3,1,1,36,TRUE,FALSE,51,157,2
Bad,73,139,6,43,14,0,0,100,122,7,7,14,3,36,1,2,2,8,86,3,2,1,71,FALSE,FALSE,100,100,0
Good,73,225,1,80,29,0,0,100,122,7,7,30,1,30,0,5,5,73,47,3,3,3,55,FALSE,FALSE,97,133,0
Good,81,119,6,54,15,0,0,100,122,7,7,16,1,20,36,0,0,26,,4,1,0,56,FALSE,FALSE,94,133,0
Good,71,75,2,29,14,0,0,100,122,7,7,16,3,25,0,1,1,48,91,3,2,1,100,FALSE,FALSE,88,211,0
Bad,77,140,2,73,15,0,0,88,12,7,6,17,2,53,0,1,1,17,64,2,4,1,67,TRUE,FALSE,88,121,3
Bad,65,23,4,15,9,0,0,100,122,7,7,9,3,67,1,3,2,84,76,2,6,2,89,FALSE,FALSE,100,375,0
Good,64,281,13,91,54,3,3,93,7,6,3,60,0,32,4,2,2,35,72,4,3,2,41,TRUE,TRUE,90,213,5
Good,82,368,0,89,23,0,0,96,43,7,6,26,1,54,11,0,0,16,83,2,1,1,38,TRUE,FALSE,88,70,2
Good,84,169,34,95,17,0,0,100,122,7,7,17,0,35,0,1,1,31,,2,1,0,50,FALSE,FALSE,100,100,0
Good,76,42,21,32,4,0,0,100,122,7,7,4,0,75,20,0,0,0,67,0,2,1,67,FALSE,FALSE,100,93,0
Bad,75,129,1,48,22,0,0,100,122,7,7,23,5,61,9,0,0,46,95,2,6,0,80,FALSE,FALSE,96,177,0
Good,75,222,2,124,23,2,2,92,62,7,2,25,2,24,0,0,0,30,57,4,2,1,40,TRUE,FALSE,92,112,2
Bad,85,319,3,91,15,0,0,100,122,7,7,17,2,24,0,5,5,3,,2,1,0,50,FALSE,FALSE,88,53,0
Bad,83,398,36,127,9,0,0,100,122,7,7,12,0,22,0,5,5,0,,1,1,1,50,FALSE,FALSE,75,30,0
Good,89,233,3,118,35,0,0,100,122,7,7,36,4,33,15,0,0,0,,4,2,0,33,FALSE,FALSE,97,154,0
Good,77,251,29,111,23,3,1,89,43,7,5,27,0,56,0,1,1,2,42,3,2,0,63,TRUE,FALSE,85,107,3
Bad,84,220,3,94,37,0,0,97,12,7,6,37,3,30,9,0,0,5,95,1,3,0,40,TRUE,FALSE,100,167,2
Bad,65,123,2,53,16,0,0,82,18,7,6,17,2,41,0,1,1,58,97,6,2,2,73,TRUE,FALSE,94,137,4
Bad,87,201,2,71,13,0,0,100,122,7,7,19,1,36,1,2,2,5,,1,1,0,40,FALSE,FALSE,68,94,0
Good,68,298,1,131,74,0,0,95,3,6,6,78,3,59,0,5,4,2,22,3,23,0,70,TRUE,TRUE,95,261,4
Good,70,300,2,68,33,0,0,94,13,7,6,34,1,26,0,2,1,4,69,5,5,4,69,TRUE,FALSE,97,113,3
Good,85,125,6,59,19,0,0,100,122,7,7,21,2,5,0,0,0,0,,2,1,0,23,FALSE,FALSE,90,167,0
Good,59,320,5,115,13,1,1,73,1,2,2,15,1,20,1,0,0,16,35,6,2,0,80,TRUE,TRUE,87,47,5
Good,70,217,3,88,29,1,1,93,24,7,6,31,6,50,36,1,1,10,61,2,3,0,67,TRUE,FALSE,94,142,3
Bad,68,126,3,63,29,0,0,97,36,7,6,29,3,17,3,2,2,79,,4,1,3,83,TRUE,FALSE,100,228,1
Bad,63,110,8,62,16,0,0,81,13,7,6,16,1,44,0,0,0,68,74,4,3,2,88,TRUE,FALSE,100,144,4
Good,90,280,6,92,18,0,0,100,122,7,7,23,3,35,1,1,1,4,86,2,1,0,38,FALSE,FALSE,78,82,0
Bad,64,144,10,54,19,0,0,85,4,6,6,21,1,55,0,2,2,44,44,5,3,0,89,TRUE,TRUE,90,145,4
Good,71,59,2,21,6,0,0,100,122,7,7,8,4,50,1,2,2,44,95,2,2,0,67,FALSE,FALSE,75,133,0
Bad,63,151,2,59,20,4,2,78,9,6,2,46,3,15,36,1,1,19,57,4,1,1,38,TRUE,TRUE,43,303,11
Good,88,211,19,104,26,0,0,100,122,7,7,26,0,19,36,0,0,6,,3,1,0,36,FALSE,FALSE,100,123,0
Bad,70,245,9,72,16,0,0,83,38,7,6,18,2,39,0,3,3,32,56,3,5,0,62,TRUE,FALSE,89,73,4
Good,62,190,4,80,29,1,0,74,13,7,5,31,3,45,0,1,0,60,82,6,8,1,100,TRUE,FALSE,94,162,9
Bad,69,165,4,62,12,0,0,92,75,7,6,12,2,58,0,1,1,97,71,4,1,3,100,TRUE,FALSE,100,72,1
Good,62,214,13,93,23,1,1,88,5,6,6,24,0,25,0,0,0,75,,10,2,5,71,TRUE,TRUE,96,112,3
Good,72,86,6,45,15,0,0,87,25,7,6,16,3,38,0,2,2,33,,4,2,0,67,TRUE,FALSE,94,184,3
Bad,67,130,5,25,10,0,0,100,122,7,7,12,4,25,0,0,0,95,90,6,2,2,89,FALSE,FALSE,83,92,0
Bad,49,178,13,91,10,6,1,56,3,5,5,17,0,56,0,2,2,65,45,3,4,1,100,TRUE,TRUE,59,95,8
Bad,57,104,3,29,18,0,0,78,8,6,6,19,4,39,36,4,4,53,80,6,3,0,75,TRUE,TRUE,95,181,5
Bad,58,129,2,23,21,0,0,100,122,7,7,23,7,36,36,4,2,74,74,8,4,2,93,FALSE,FALSE,91,177,0
Good,85,251,10,85,24,0,0,100,122,7,7,29,1,41,1,1,1,5,,3,1,1,42,FALSE,FALSE,83,115,0
Bad,73,215,7,88,38,1,1,92,23,7,6,40,1,38,19,0,0,1,78,4,2,1,50,TRUE,FALSE,95,185,4
Bad,66,163,19,73,14,0,0,93,27,7,6,14,0,64,0,0,0,51,58,2,2,2,67,TRUE,FALSE,100,85,1
Good,82,336,4,106,23,0,0,100,122,7,7,23,1,22,0,2,2,2,56,2,2,0,31,FALSE,FALSE,100,68,0
Good,65,202,10,84,28,11,11,87,41,7,6,30,2,33,0,0,0,28,26,3,2,0,38,TRUE,FALSE,93,148,4
Bad,61,192,1,54,13,1,1,87,14,7,3,15,4,53,0,0,0,54,,3,1,1,80,TRUE,FALSE,87,78,2
Good,65,212,11,75,21,2,1,87,22,7,5,23,1,43,19,0,0,71,64,8,3,3,86,TRUE,FALSE,91,108,3
Bad,72,260,15,142,22,0,0,100,122,7,7,23,0,30,0,3,3,90,67,4,1,3,83,FALSE,FALSE,96,88,0
Bad,74,124,11,80,36,4,2,91,23,7,3,45,1,69,0,0,0,7,66,3,9,0,75,TRUE,FALSE,80,360,5
Good,89,395,2,132,11,0,0,100,122,7,7,12,1,25,2,2,2,7,99,3,1,0,67,FALSE,FALSE,92,30,0
Good,78,165,7,52,8,0,0,100,122,7,7,8,1,38,36,1,1,53,91,2,2,0,80,FALSE,FALSE,100,48,0
Good,74,99,2,47,15,0,0,81,17,7,6,16,2,50,36,0,0,0,75,0,2,0,33,TRUE,FALSE,94,160,4
Bad,76,10,2,7,2,0,0,100,122,7,7,3,3,67,0,1,1,0,,0,1,1,50,FALSE,FALSE,67,273,0
Bad,74,273,5,73,39,0,0,98,5,6,6,40,3,43,0,1,0,3,138,2,7,0,45,TRUE,TRUE,98,146,1
Good,62,255,70,152,14,0,0,50,4,6,6,16,0,19,36,3,2,84,,11,1,7,100,TRUE,TRUE,88,62,8
Bad,57,45,17,33,5,0,0,80,9,6,6,5,0,0,0,4,4,83,,2,2,2,50,TRUE,TRUE,100,109,1
Bad,61,199,9,85,24,0,0,100,122,7,7,24,1,25,6,0,0,80,,5,2,4,63,FALSE,FALSE,100,120,0
Bad,51,91,5,27,7,2,2,75,3,2,2,9,3,63,0,4,4,76,89,3,2,1,100,TRUE,TRUE,78,98,3
Good,72,148,4,38,15,0,0,100,122,7,7,15,3,33,0,4,4,16,96,4,2,1,100,FALSE,FALSE,100,101,0
Good,63,309,36,112,17,2,1,68,7,4,4,19,0,16,0,1,1,54,,5,1,2,67,TRUE,TRUE,89,61,7
Good,76,171,28,66,6,0,0,100,122,7,7,6,0,33,0,1,1,59,56,2,1,1,75,FALSE,FALSE,100,35,0
Good,89,385,6,94,15,0,0,100,122,7,7,16,1,44,4,1,1,7,,2,1,0,100,FALSE,FALSE,94,41,0
Good,85,146,2,82,50,0,0,100,122,7,7,62,1,47,2,1,1,14,44,4,5,0,56,FALSE,FALSE,81,422,0
Good,74,462,5,66,20,0,0,90,38,7,6,27,2,20,4,2,2,41,,4,1,2,83,TRUE,FALSE,74,58,3
Bad,59,207,6,68,16,0,0,82,2,6,6,17,2,29,0,2,2,32,,5,2,2,64,TRUE,TRUE,94,82,4
Good,72,157,1,66,48,0,0,96,22,7,6,53,6,17,0,1,1,16,87,5,4,2,39,TRUE,FALSE,91,335,3
Good,84,339,13,108,43,0,0,95,51,7,6,43,0,23,24,0,0,2,79,7,3,0,50,TRUE,FALSE,100,126,3
Bad,62,58,3,18,4,0,0,100,122,7,7,4,3,25,2,6,6,99,97,3,1,1,100,FALSE,FALSE,100,68,0
Good,75,274,3,44,22,0,0,95,26,7,6,22,5,32,0,5,4,1,,2,3,0,45,TRUE,FALSE,100,80,2
Bad,78,260,13,133,23,0,0,100,122,7,7,23,0,35,0,1,1,37,76,7,2,1,82,FALSE,FALSE,100,88,0
Good,80,51,30,41,9,0,0,100,122,7,7,9,0,33,8,0,0,18,,2,1,1,60,FALSE,FALSE,100,173,0
Good,73,327,5,107,32,0,0,97,71,7,6,32,4,31,10,0,0,43,52,5,4,1,69,TRUE,FALSE,100,98,1
Bad,82,192,8,88,17,0,0,94,81,7,6,17,1,35,36,0,0,0,92,1,2,0,38,TRUE,FALSE,100,88,2
Bad,57,171,2,50,16,1,1,89,9,6,2,19,3,21,0,4,4,49,79,9,3,2,71,TRUE,TRUE,84,110,3
Good,80,248,9,141,27,0,0,100,122,7,7,30,1,30,36,1,1,23,91,2,3,1,56,FALSE,FALSE,90,120,0
